name,slug,url,logo_url,countries,categories,tags,description
3sPOS,3spos,https://www.urbanpiper.com/integrations,https://cdn.prod.website-files.com/62aae3a2134cd27204efacc7/65698d4e415c82498e266dea_3sPOS.webp,United Kingdom; United Arab Emirates,POS Systems,,
Access POS,access-pos,https://www.urbanpiper.com/integrations,https://cdn.prod.website-files.com/62aae3a2134cd27204efacc7/6565967f5e7b3f872f55e131_Access%20logo%20(1).png,United Kingdom,POS Systems,,
Adloggs,adloggs,https://www.urbanpiper.com/integrations,https://cdn.prod.website-files.com/62aae3a2134cd27204efacc7/68bead34929cd38472ff480c_Integration%20page%20icons%20(10).png,India,Fulfilment,,
Agilysis,agilysis,https://www.urbanpiper.com/integrations,https://cdn.prod.website-files.com/62aae3a2134cd27204efacc7/690aee74c811041cde5b9a5a_Untitled%20design%20(54).png,United States,POS Systems,,
All POS,all-pos,https://www.urbanpiper.com/integrations,https://cdn.prod.website-files.com/62aae3a2134cd27204efacc7/65c1df8364de813fb952a39a_All%20POS%20logo.png,India,POS Systems,,
Amepos,amepos,https://www.urbanpiper.com/integrations,https://cdn.prod.website-files.com/62aae3a2134cd27204efacc7/65c1df99a346f58469dd70bf_Ame%20POS%20logo.png,United Arab Emirates,POS Systems,,
App4,app4,https://www.urbanpiper.com/integrations,https://cdn.prod.website-files.com/62aae3a2134cd27204efacc7/65c1dfa81ddd92f846e4a0d2_App%204%20logo.png,United Kingdom,Online Ordering,,
BIMPOS,bimpos,https://www.urbanpiper.com/integrations,https://cdn.prod.website-files.com/62aae3a2134cd27204efacc7/65c1dfb7af4af49e1271442e_BimPOS%20logo.png,United Arab Emirates,POS Systems,,
BestPOS/FnB 360,bestpos-fnb-360,https://www.urbanpiper.com/integrations,https://cdn.prod.website-files.com/62aae3a2134cd27204efacc7/65697d5b6211500323148eb1_hostbooks-logo-fnb-360-65697977566d6.webp,India,POS Systems,,
Billberry,billberry,https://www.urbanpiper.com/integrations,https://cdn.prod.website-files.com/62aae3a2134cd27204efacc7/65697bccfc2f9ec21b03fea1_billberry-logo-65697983bacf8.webp,India,POS Systems,,
Bitsila,bitsila,https://www.urbanpiper.com/integrations,https://cdn.prod.website-files.com/62aae3a2134cd27204efacc7/65c1dfcb46b73500e3027755_Bitsila%20black%20logo.png,India,Online Ordering,,
Biz1Book,biz1book,https://www.urbanpiper.com/integrations,https://cdn.prod.website-files.com/62aae3a2134cd27204efacc7/65c1e3a46a77b0294146c201_Biz1book%20logo.png,India,POS Systems,,
Blue Lotus 360,blue-lotus-360,https://www.urbanpiper.com/integrations,https://cdn.prod.website-files.com/62aae3a2134cd27204efacc7/65698ccf2594297eaf63413b_Blue%20Lotus-logo.webp,United Kingdom,POS Systems,,
Bravery Kitchen,bravery-kitchen,https://www.urbanpiper.com/integrations,https://cdn.prod.website-files.com/62aae3a2134cd27204efacc7/662b3f559e1e0b3c1d71e6b4_bravery-kitchen.png,India,POS Systems,,
Bridge/Explorex,bridge-explorex,https://www.urbanpiper.com/integrations,https://cdn.prod.website-files.com/62aae3a2134cd27204efacc7/65c1dffc3e608620c3766f5a_Exploreex%20logo.png,India,POS Systems,,
CW Suite,cw-suite,https://www.urbanpiper.com/integrations,https://cdn.prod.website-files.com/62aae3a2134cd27204efacc7/68b7ce76aa54a6d344217d5b_Integration%20page%20icons%20(8).png,India; United States,POS Systems,,
CaptainPad,captainpad,https://www.urbanpiper.com/integrations,https://cdn.prod.website-files.com/62aae3a2134cd27204efacc7/65697cc9a8d446f6b8b73770_captainpad-logo-65697984617d9.webp,India,POS Systems,,
Careem,careem,https://www.urbanpiper.com/integrations,https://cdn.prod.website-files.com/62aae3a2134cd27204efacc7/66bb0e71cc0b0f0c1a635bcc_Careem_Wordmark_Careem_Green_CMYK.jpg,Saudi Arabia; United Arab Emirates,Delivery platforms,,
Careem Box,careem-box,https://www.urbanpiper.com/integrations,https://cdn.prod.website-files.com/62aae3a2134cd27204efacc7/65c1dfdf67437017e941e233_careembox%20logo.png,United Arab Emirates,Fulfilment,,
Cari,cari,https://www.urbanpiper.com/integrations,https://cdn.prod.website-files.com/62aae3a2134cd27204efacc7/663474a0ea5c77f33c6f56c5_Get%20cari%20logo.webp,United Arab Emirates; Saudi Arabia; Kuwait,Delivery platforms,,
ChatFood,chatfood,https://www.urbanpiper.com/integrations,https://cdn.prod.website-files.com/62aae3a2134cd27204efacc7/656589cdcb806bac27083dd7_Chatfood-logo%20(1).webp,United Arab Emirates; United Kingdom,Online Ordering,,
Chownow,chownow,https://www.urbanpiper.com/integrations,https://cdn.prod.website-files.com/62aae3a2134cd27204efacc7/65658b8502c9a3052f038eb6_Chownow-logo.svg%20(1).webp,United States,Delivery platforms,,
Cibo,cibo,https://www.urbanpiper.com/integrations,https://cdn.prod.website-files.com/62aae3a2134cd27204efacc7/656985a979ab2f7b6485c8ba_CIBO-logo.webp,United Arab Emirates,POS Systems,,
Ciferon,ciferon,https://www.urbanpiper.com/integrations,https://cdn.prod.website-files.com/62aae3a2134cd27204efacc7/656979e1aaa385bd5aeffd54_ciferon-logo-6569798504295.webp,India,POS Systems,,
Cowrks,cowrks,https://www.urbanpiper.com/integrations,https://cdn.prod.website-files.com/62aae3a2134cd27204efacc7/6664378429685d0e7e463666_COWRKS.webp,India,Delivery platforms,,
Cyntra AI,cyntra-ai,https://www.urbanpiper.com/integrations,https://cdn.prod.website-files.com/62aae3a2134cd27204efacc7/679c85cb164f379f7f197eb7_cyntra-logo.png,United States,POS Systems,,
Cypheron POS,cypheron-pos,https://www.urbanpiper.com/integrations,https://cdn.prod.website-files.com/62aae3a2134cd27204efacc7/65697c65c092bd33d25e9641_cypheron-logo-656979859a463.webp,India,POS Systems,,
DCA,dca,https://www.urbanpiper.com/integrations,https://cdn.prod.website-files.com/62aae3a2134cd27204efacc7/65658ab15b55bff7eb0ff120_DCA-logo%20(1).webp,India; United Arab Emirates,Online Ordering,,
Datamate/Hotsoft Purple Key,datamate-hotsoft-purple-key,https://www.urbanpiper.com/integrations,https://cdn.prod.website-files.com/62aae3a2134cd27204efacc7/656981d2865499ea121d22e3_Datamate%20Logo.webp,United Arab Emirates,POS Systems,,
Deliveroo,deliveroo,https://www.urbanpiper.com/integrations,https://cdn.prod.website-files.com/62aae3a2134cd27204efacc7/656588fb2e3a65322e454885_Deliveroo-Logo-_1_.webp,United Kingdom; United Arab Emirates; Kuwait; Qatar,Delivery platforms,,
Devourin,devourin,https://www.urbanpiper.com/integrations,https://cdn.prod.website-files.com/62aae3a2134cd27204efacc7/65697ae149c26cdb951d432d_devourin-logo-6569798634618.webp,India,POS Systems,,
Dgtera,dgtera,https://www.urbanpiper.com/integrations,https://cdn.prod.website-files.com/62aae3a2134cd27204efacc7/690ae25614fb83099a293e9f_Untitled%20design%20(49).png,Bahrain; Egypt; Jordan; Kuwait; Oman; Qatar; Saudi Arabia; United Arab Emirates,POS Systems,,
Dididood,dididood,https://www.urbanpiper.com/integrations,https://cdn.prod.website-files.com/62aae3a2134cd27204efacc7/65a76a14a4689e5ab61b2cae_didi%20food-logo%20(1).webp,,Delivery platforms,,
Digipos/Digitory,digipos-digitory,https://www.urbanpiper.com/integrations,https://cdn.prod.website-files.com/62aae3a2134cd27204efacc7/65697ab4f24ca81fd0bc0553_digipos-logo-65697986c45a8.webp,India,POS Systems,,
Digirestro/Concourse,digirestro-concourse,https://www.urbanpiper.com/integrations,https://cdn.prod.website-files.com/62aae3a2134cd27204efacc7/65697abd14a6537423c43531_digirestro-logo-65697986cecdf.webp,India,POS Systems,,
Dineorder,dineorder,https://www.urbanpiper.com/integrations,https://cdn.prod.website-files.com/62aae3a2134cd27204efacc7/656987fff24ca81fd0c4d37a_Dineorder%20logo.webp,United Kingdom,POS Systems,,
Dineplan,dineplan,https://www.urbanpiper.com/integrations,https://cdn.prod.website-files.com/62aae3a2134cd27204efacc7/66338a6c8ef807882d428a93_Screenshot%202024-05-02%20at%206.10.26%E2%80%AFPM.webp,United Arab Emirates,POS Systems,,
Dinner Daddy,dinner-daddy,https://www.urbanpiper.com/integrations,https://cdn.prod.website-files.com/62aae3a2134cd27204efacc7/690ae0cf41cee13fc55fca97_Untitled%20design%20(45).png,United States,POS Systems,,
Dino POS,dino-pos,https://www.urbanpiper.com/integrations,https://cdn.prod.website-files.com/62aae3a2134cd27204efacc7/65697ddcf13ef96def0e5534_dino-pos-logo-656979876b470.webp,India,POS Systems,,
Doordash,doordash,https://www.urbanpiper.com/integrations,https://cdn.prod.website-files.com/62aae3a2134cd27204efacc7/65605d3223288923ebdf3f0b_Doordash%20logo%20(1).webp,United States; Canada,Delivery platforms,,
DotPe,dotpe,https://www.urbanpiper.com/integrations,https://cdn.prod.website-files.com/62aae3a2134cd27204efacc7/65644b1416d0ec6bd3fc7374_Dotpe_Logo%20(1).webp,India,Delivery platforms,,
Dunzo,dunzo,https://www.urbanpiper.com/integrations,https://cdn.prod.website-files.com/62aae3a2134cd27204efacc7/65658ea1eccdfd30681082bd_Dunzo%20logo%20(1).webp,India,Fulfilment,,
E-retail,e-retail,https://www.urbanpiper.com/integrations,https://cdn.prod.website-files.com/62aae3a2134cd27204efacc7/65697f51dfd51ffa36079e31_e-retail-logo-65697975b26e6.webp,India,POS Systems,,
EatStreet,eatstreet,https://www.urbanpiper.com/integrations,https://cdn.prod.website-files.com/62aae3a2134cd27204efacc7/69a165be72ab9bc140979b79_5ca25ca64e2ad.webp,United States,Delivery platforms,,
El Dahan Restaurants,el-dahan-restaurants,https://www.urbanpiper.com/integrations,https://cdn.prod.website-files.com/62aae3a2134cd27204efacc7/690aee14ca8cf24dae25127f_Untitled%20design%20(53).png,Bahrain; Egypt; Jordan; Kuwait; Oman; Qatar; Saudi Arabia; United Arab Emirates,POS Systems,,
Enqueue,enqueue,https://www.urbanpiper.com/integrations,https://cdn.prod.website-files.com/62aae3a2134cd27204efacc7/671a1ceea38c912c6746c7b0_Enqueue%20logo.webp,Saudi Arabia,Delivery platforms,,
Enstore,enstore,https://www.urbanpiper.com/integrations,https://cdn.prod.website-files.com/62aae3a2134cd27204efacc7/65697a7775665a89afb9997a_enstore-logo-656979747392c.webp,India,POS Systems,,
Epos Now,epos-now,https://www.urbanpiper.com/integrations,https://cdn.prod.website-files.com/62aae3a2134cd27204efacc7/651fb1622b40db8c32ac94fa_ePOSnow.png,United Kingdom,POS Systems,,
Eresto,eresto,https://www.urbanpiper.com/integrations,https://cdn.prod.website-files.com/62aae3a2134cd27204efacc7/65697dec7c62d0c2963c7114_eresto-logo-656979747f7ae.webp,India,POS Systems,,
Flip Office,flip-office,https://www.urbanpiper.com/integrations,https://cdn.prod.website-files.com/62aae3a2134cd27204efacc7/65697aa279ab2f7b647dddaa_flipoffice-logo-656979761e9ec.webp,India,POS Systems,,
Flipdish,flipdish,https://www.urbanpiper.com/integrations,https://cdn.prod.website-files.com/62aae3a2134cd27204efacc7/6565892c22740ac08bda9645_Flipdish-logo-_1_%20(1).webp,United Kingdom,POS Systems; Online Ordering,,
Foaps,foaps,https://www.urbanpiper.com/integrations,https://cdn.prod.website-files.com/62aae3a2134cd27204efacc7/656979c265ad93e188e26a5d_foaps-logo-6569797640e27.webp,India,POS Systems,,
Fodista,fodista,https://www.urbanpiper.com/integrations,https://cdn.prod.website-files.com/62aae3a2134cd27204efacc7/690ae148ec147be6ab0f574c_Untitled%20design%20(46).png,Bahrain; Egypt; Jordan; Kuwait; Oman; Qatar; Saudi Arabia; United Arab Emirates,POS Systems,,
Foodhub,foodhub,https://www.urbanpiper.com/integrations,https://cdn.prod.website-files.com/62aae3a2134cd27204efacc7/68667bae3306f58268e379dd_FOODHUB.webp,United States; United Kingdom; Australia; Ireland; Canada,Delivery platforms,,
Foodics,foodics,https://www.urbanpiper.com/integrations,https://cdn.prod.website-files.com/62aae3a2134cd27204efacc7/651faf036611ceb6556800ae_foodics.png,United Arab Emirates; Saudi Arabia; Kuwait; Oman; Egypt; Jordan,POS Systems,,
Foodzapp,foodzapp,https://www.urbanpiper.com/integrations,https://cdn.prod.website-files.com/62aae3a2134cd27204efacc7/690da1626f395330a694be0e_Integration%20page%20icons%20(14).webp,United Arab Emirates,Delivery platforms,,
ForkPOS,forkpos,https://www.urbanpiper.com/integrations,https://cdn.prod.website-files.com/62aae3a2134cd27204efacc7/690ae2126d665adc913d542f_Untitled%20design%20(48).png,Bahrain; Egypt; Jordan; Kuwait; Oman; Qatar; Saudi Arabia; United Arab Emirates,POS Systems,,
Fusion Innovative,fusion-innovative,https://www.urbanpiper.com/integrations,https://cdn.prod.website-files.com/62aae3a2134cd27204efacc7/662b3e9e598513c4d3f3eac5_FusionPos-Logo-updated.png,United Kingdom,POS Systems,,
G5POS,g5pos,https://www.urbanpiper.com/integrations,https://cdn.prod.website-files.com/62aae3a2134cd27204efacc7/656982ee47345f64d1a173a9_g5-pos.webp,United Arab Emirates,POS Systems,,
Geidea,geidea,https://www.urbanpiper.com/integrations,https://cdn.prod.website-files.com/62aae3a2134cd27204efacc7/65698c82e1f72fe4466c2b0f_Geidea-logo.webp,Saudi Arabia,POS Systems,,
Gintaa,gintaa,https://www.urbanpiper.com/integrations,https://cdn.prod.website-files.com/62aae3a2134cd27204efacc7/666438f3cf10e4a23886da9e_Gintaa.webp,India,Delivery platforms,,
Glovo,glovo,https://www.urbanpiper.com/integrations,https://cdn.prod.website-files.com/62aae3a2134cd27204efacc7/65a768a236f4ece5373e0383_Glovo_logo.svg%20(1).webp,Kenya,Delivery platforms,,
GoFrugal,gofrugal,https://www.urbanpiper.com/integrations,https://cdn.prod.website-files.com/62aae3a2134cd27204efacc7/6566e5c439927ba4ea56bba6_Gofrugal-logo-100.png,India,POS Systems,,
Grafterr/ePOS Hybrid,grafterr-epos-hybrid,https://www.urbanpiper.com/integrations,https://cdn.prod.website-files.com/62aae3a2134cd27204efacc7/651fb13b9e2ae9f5c574a31e_Grafterr.png,United Kingdom; India,POS Systems,,
Grubhub,grubhub,https://www.urbanpiper.com/integrations,https://cdn.prod.website-files.com/62aae3a2134cd27204efacc7/686cb98326e6df8dace2e8af_grubhub-logo.webp,United States,Delivery platforms,,
HungerStation,hungerstation,https://www.urbanpiper.com/integrations,https://cdn.prod.website-files.com/62aae3a2134cd27204efacc7/65658985e3e50a245e83de82_hungerstation-logo-_1_.webp,Saudi Arabia,Delivery platforms,,
Hungerbox-POS,hungerbox-pos,https://www.urbanpiper.com/integrations,https://cdn.prod.website-files.com/62aae3a2134cd27204efacc7/65697f3c243432e229d3fcf3_hungerbox-logo-6569797775be5.webp,India,POS Systems,,
HungryPanda,hungrypanda,https://www.urbanpiper.com/integrations,https://cdn.prod.website-files.com/62aae3a2134cd27204efacc7/65658911d72181129b64f455_HungryPanda-logo-_1_.webp,United Kingdom,Delivery platforms,,
I-Dine/Innosolv,i-dine-innosolv,https://www.urbanpiper.com/integrations,https://cdn.prod.website-files.com/62aae3a2134cd27204efacc7/6566de0b5c3a14c07b796d8c_I-Dine%20Logo-100.png,India; United Arab Emirates,POS Systems,,
Instashop,instashop,https://www.urbanpiper.com/integrations,https://cdn.prod.website-files.com/62aae3a2134cd27204efacc7/6662b3b020db50d63b642f99_Instashop-logo.webp,United Arab Emirates,,,
Isthara,isthara,https://www.urbanpiper.com/integrations,https://cdn.prod.website-files.com/62aae3a2134cd27204efacc7/662b40b46c6cfbca69649808_ishtara%20(1).svg,India,Delivery platforms,,
JPOS/Sanguine,jpos-sanguine,https://www.urbanpiper.com/integrations,https://cdn.prod.website-files.com/62aae3a2134cd27204efacc7/65697b2179ab2f7b647e1acf_sanguine-jpos-logo-6569797e5c2a6.webp,India,POS Systems,,
Jahez,jahez,https://www.urbanpiper.com/integrations,https://cdn.prod.website-files.com/62aae3a2134cd27204efacc7/656589b25b55bff7eb0f3fe4_Jahez-logo%20(1).webp,Saudi Arabia; Kuwait,Delivery platforms,,
Just Eat,just-eat,https://www.urbanpiper.com/integrations,https://cdn.prod.website-files.com/62aae3a2134cd27204efacc7/655df765463edaf5ae7ca491_Just-Eat-Logo.png,United Kingdom; Ireland,Delivery platforms,,
Keeta,keeta,https://www.urbanpiper.com/integrations,https://cdn.prod.website-files.com/62aae3a2134cd27204efacc7/671a19ce0c9699b437d871d7_Keeta%20logo.webp,Saudi Arabia; United Arab Emirates,Delivery platforms,,
Kuber POS,kuber-pos,https://www.urbanpiper.com/integrations,https://cdn.prod.website-files.com/62aae3a2134cd27204efacc7/690ae2f7d92ceadd36813e34_Untitled%20design%20(47).png,United States; Canada,POS Systems,,
Kurve,kurve,https://www.urbanpiper.com/integrations,https://cdn.prod.website-files.com/62aae3a2134cd27204efacc7/65698814dcd4aaffb405b0a7_Kurve_logo_logo.webp,United Kingdom,POS Systems,,
LS Retail,ls-retail,https://www.urbanpiper.com/integrations,https://cdn.prod.website-files.com/62aae3a2134cd27204efacc7/6569809c07cc429c9bb400e4_ls-retail.webp,India; United Arab Emirates,POS Systems,,
Lightspeed,lightspeed,https://www.urbanpiper.com/integrations,https://cdn.prod.website-files.com/62aae3a2134cd27204efacc7/656989cd865499ea12227f5f_Lightspeed_logo.webp,United Kingdom; United States,POS Systems,,
LingaPOS,lingapos,https://www.urbanpiper.com/integrations,https://cdn.prod.website-files.com/62aae3a2134cd27204efacc7/65698853c89b69f8cf6cbc35_Linga_Logo.webp,,POS Systems,,
Loyverse,loyverse,https://www.urbanpiper.com/integrations,https://cdn.prod.website-files.com/62aae3a2134cd27204efacc7/656988316e8be82630c8d2c9_Loyverse_logo_logo.webp,,POS Systems,,
Lucid,lucid,https://www.urbanpiper.com/integrations,https://cdn.prod.website-files.com/62aae3a2134cd27204efacc7/65697a3d243432e229d11f1d_lucid-logo-6569797800b45.webp,India; United Kingdom,POS Systems,,
Masalabox,masalabox,https://www.urbanpiper.com/integrations,https://cdn.prod.website-files.com/62aae3a2134cd27204efacc7/65644b8fb0669b030c71d7e8_Masala%20Box-logo%20(1).webp,India,Online Ordering,,
Menew,menew,https://www.urbanpiper.com/integrations,https://cdn.prod.website-files.com/62aae3a2134cd27204efacc7/656979d0f24ca81fd0bb2ad5_menew-logo-656979787bfdd.webp,India,POS Systems,,
Micros Oracle Symphony Gen 1,micros-oracle-symphony-gen-1,https://www.urbanpiper.com/integrations,https://cdn.prod.website-files.com/62aae3a2134cd27204efacc7/65698884e1f72fe446699406_OracleMicros.webp,,POS Systems,,
Micros Oracle Symphony Gen 2,micros-oracle-symphony-gen-2,https://www.urbanpiper.com/integrations,https://cdn.prod.website-files.com/62aae3a2134cd27204efacc7/656829963887a9d47c192c45_OracleMicros-100.png,United Arab Emirates,POS Systems,,
Micros Oracle Symphony RES 3700,micros-oracle-symphony-res-3700,https://www.urbanpiper.com/integrations,https://cdn.prod.website-files.com/62aae3a2134cd27204efacc7/65698884e1f72fe446699406_OracleMicros.webp,,POS Systems,,
Mr Mandoob,mr-mandoob,https://www.urbanpiper.com/integrations,https://cdn.prod.website-files.com/62aae3a2134cd27204efacc7/690d9b76a8d771d4ba0c1172_Integration%20page%20icons%20(11).webp,Saudi Arabia,Delivery platforms,,
Mrsool,mrsool,https://www.urbanpiper.com/integrations,https://cdn.prod.website-files.com/62aae3a2134cd27204efacc7/66c46f336f9796a8b95d1fdb_Screenshot%202024-08-20%20155429.webp,Saudi Arabia,Delivery platforms,,
MyGenie,mygenie,https://www.urbanpiper.com/integrations,https://cdn.prod.website-files.com/62aae3a2134cd27204efacc7/68ac17f14c72f4d70458f154_Integration%20page%20icons%20(7).png,India,POS Systems,,
MyOrderBox,myorderbox,https://www.urbanpiper.com/integrations,https://cdn.prod.website-files.com/62aae3a2134cd27204efacc7/6672bf1e1bfe20ba128ef0b7_MOB-logo.webp,United Kingdom,POS Systems,,
Mymenu,mymenu,https://www.urbanpiper.com/integrations,https://cdn.prod.website-files.com/62aae3a2134cd27204efacc7/65697e29cfa1d94906ba23f3_mymenu-logo-656979792a081.webp,India,POS Systems,,
NCR BSL,ncr-bsl,https://www.urbanpiper.com/integrations,https://cdn.prod.website-files.com/62aae3a2134cd27204efacc7/65a67cc959bff733a97159c6_NCR-Voyix-Fintech-Finance-News.webp,Saudi Arabia; United Arab Emirates,POS Systems,,
NOQ,noq,https://www.urbanpiper.com/integrations,https://cdn.prod.website-files.com/62aae3a2134cd27204efacc7/65698822866875695e098ff3_NOQ-logo.webp,United Kingdom,POS Systems,,
Nash,nash,https://www.urbanpiper.com/integrations,https://cdn.prod.website-files.com/62aae3a2134cd27204efacc7/65a67ae8ad1c0c20ddb2dc6b_usenash_logo.webp,United Kingdom; United States,Fulfilment,,
Ninja,ninja,https://www.urbanpiper.com/integrations,https://cdn.prod.website-files.com/62aae3a2134cd27204efacc7/671a1b654a4132e6c45ccb31_Ninja%20logo.webp,Saudi Arabia,Delivery platforms,,
Ninjacart,ninjacart,https://www.urbanpiper.com/integrations,https://cdn.prod.website-files.com/62aae3a2134cd27204efacc7/66643831bfd0614f0010c461_cropped-Group-207-1.webp,India,Delivery platforms,,
Noonfood,noonfood,https://www.urbanpiper.com/integrations,https://cdn.prod.website-files.com/62aae3a2134cd27204efacc7/65658a2e0dc3cffa145e34ec_Noon%20foods%20Logo%20(2).webp,United Arab Emirates; Saudi Arabia; Kuwait,Delivery platforms,,
Nuba Soft,nuba-soft,https://www.urbanpiper.com/integrations,https://cdn.prod.website-files.com/62aae3a2134cd27204efacc7/656983c0aaa385bd5af6cba4_NUBA%20Logo.webp,United Arab Emirates,POS Systems,,
OMAK POS,omak-pos,https://www.urbanpiper.com/integrations,https://cdn.prod.website-files.com/62aae3a2134cd27204efacc7/68ec8ad23a1c1bb431507534_OMAK%20POS.png,United Arab Emirates; Qatar,POS Systems,,
OMEGA POS Technology,omega-pos-technology,https://www.urbanpiper.com/integrations,https://cdn.prod.website-files.com/62aae3a2134cd27204efacc7/65698b57d6018f8bee07a86a_Omega-logo.webp,United Arab Emirates; Kuwait,POS Systems,,
Ocim,ocim,https://www.urbanpiper.com/integrations,https://cdn.prod.website-files.com/62aae3a2134cd27204efacc7/656985728a65a2c6c4fb4a63_OCIM%20LOGO.webp,United Arab Emirates,POS Systems,,
Odoo,odoo,https://www.urbanpiper.com/integrations,https://cdn.prod.website-files.com/62aae3a2134cd27204efacc7/651faed4cfa1bf188297fcac_odoo.png,Global,POS Systems,,
Ordable,ordable,https://www.urbanpiper.com/integrations,https://cdn.prod.website-files.com/62aae3a2134cd27204efacc7/66347557a7732b4667d5ec8e_ordable-foodics-marketplace-logo.webp,United Arab Emirates; Kuwait,Online Ordering,,
OrderSune,ordersune,https://www.urbanpiper.com/integrations,https://cdn.prod.website-files.com/62aae3a2134cd27204efacc7/690aed7b4708a653ed098ddc_Untitled%20design%20(55).png,Bahrain; Egypt; Jordan; Kuwait; Oman,POS Systems,,
Orderable,orderable,https://www.urbanpiper.com/integrations,https://cdn.prod.website-files.com/62aae3a2134cd27204efacc7/671a1d9980c059ebb28f3855_Orderable%20logo.webp,Saudi Arabia,Delivery platforms,,
PAR Brink,par-brink,https://www.urbanpiper.com/integrations,https://cdn.prod.website-files.com/62aae3a2134cd27204efacc7/65a8e45eb9947f3a1ea403df_PAR_BIG-74be83d4%20(1).webp,India,POS Systems,,
Phenix POS,phenix-pos,https://www.urbanpiper.com/integrations,https://cdn.prod.website-files.com/62aae3a2134cd27204efacc7/685b90b9dd6c431b892273de_Phenix%20POS%20logo.webp,Bahrain; Egypt; Jordan; Kuwait; Oman,POS Systems,,
Phylo POS,phylo-pos,https://www.urbanpiper.com/integrations,https://cdn.prod.website-files.com/62aae3a2134cd27204efacc7/65697baea8418071be599236_phylopay-logo-6569797b66c8c.webp,India,POS Systems,,
Polaris Technology,polaris-technology,https://www.urbanpiper.com/integrations,https://cdn.prod.website-files.com/62aae3a2134cd27204efacc7/65dc613f257517ba67d6a6ff_polaris-logo.jpg,United Arab Emirates,POS Systems,,
PosBytz,posbytz,https://www.urbanpiper.com/integrations,https://cdn.prod.website-files.com/62aae3a2134cd27204efacc7/67cfea40457d16ac3c177e76_posbytz-logo.png,Saudi Arabia; Bahrain; Qatar; United Arab Emirates; Kuwait,POS Systems,,
Posify,posify,https://www.urbanpiper.com/integrations,https://cdn.prod.website-files.com/62aae3a2134cd27204efacc7/65aa16d79962ee2c0693af4b_posify-logo-v4.webp,India; United Arab Emirates,POS Systems,,
Positeasy,positeasy,https://www.urbanpiper.com/integrations,https://cdn.prod.website-files.com/62aae3a2134cd27204efacc7/6664425f532fbc42e52932c4_PosItEasy%20Logo.webp,India,POS Systems,,
Postmates,postmates,https://www.urbanpiper.com/integrations,https://cdn.prod.website-files.com/62aae3a2134cd27204efacc7/65658b734ecc4dede769ea0d_Postmates%20logo%20(1).webp,United States,Delivery platforms,,
Prologic,prologic,https://www.urbanpiper.com/integrations,https://cdn.prod.website-files.com/62aae3a2134cd27204efacc7/65698b048d994c80152c795f_Prologic%20first%20logo.webp,United Arab Emirates,POS Systems,,
QPos,qpos,https://www.urbanpiper.com/integrations,https://cdn.prod.website-files.com/62aae3a2134cd27204efacc7/65697a66c89b69f8cf63568c_qpos-logo-1-6569797c08a25.webp,India,POS Systems,,
QRKey Pos,qrkey-pos,https://www.urbanpiper.com/integrations,https://cdn.prod.website-files.com/62aae3a2134cd27204efacc7/65697af16a1ea6c7b7d40079_qrkey-logo-6569797c99b0a.webp,India,POS Systems,,
Queuebuster,queuebuster,https://www.urbanpiper.com/integrations,https://cdn.prod.website-files.com/62aae3a2134cd27204efacc7/65697b77f04def588c8b7226_queubuster-logo-6569797d1839a.webp,India,POS Systems,,
Radyes,radyes,https://www.urbanpiper.com/integrations,https://cdn.prod.website-files.com/62aae3a2134cd27204efacc7/65658a5e7307f8a2334bb8c2_Radyes-logo%20(1).webp,United Arab Emirates; United Kingdom; India,Online Ordering,,
Rafeeq,rafeeq,https://www.urbanpiper.com/integrations,https://cdn.prod.website-files.com/62aae3a2134cd27204efacc7/662b404aac3a1e453c7c30fc_t0bkxepynwu41jwpob8r.svg,Qatar,Delivery platforms,,
Rancelab,rancelab,https://www.urbanpiper.com/integrations,https://cdn.prod.website-files.com/62aae3a2134cd27204efacc7/656988d65a35f03f3dfa9162_rancelab-logo.webp,India; United Arab Emirates,POS Systems,,
Rappi,rappi,https://www.urbanpiper.com/integrations,https://cdn.prod.website-files.com/62aae3a2134cd27204efacc7/65658ec830f4f04b81eb99e2_Rappi_logo%20(3)%20(1).webp,,Fulfilment,,
Rappi Cargo,rappi-cargo,https://www.urbanpiper.com/integrations,https://cdn.prod.website-files.com/62aae3a2134cd27204efacc7/65a76affc1d43864240d1003_Rappi%20Cargo%20logo%20(1).webp,Colombia; Chile; Mexico,Fulfilment,,
Rawnest,rawnest,https://www.urbanpiper.com/integrations,https://cdn.prod.website-files.com/62aae3a2134cd27204efacc7/662b3f9b2ebf769459aa7871_rawnest-logo.png,India,POS Systems,,
RestoSuite,restosuite,https://www.urbanpiper.com/integrations,https://cdn.prod.website-files.com/62aae3a2134cd27204efacc7/6672c01bfdaaeedca9661074_Resto%20suite%20logo.webp,United States,POS Systems,,
Revel,revel,https://www.urbanpiper.com/integrations,https://cdn.prod.website-files.com/62aae3a2134cd27204efacc7/65698d69865499ea1224eea0_revel%20systems-logo.webp,United Kingdom; United Arab Emirates,POS Systems,,
Romio Technologies,romio-technologies,https://www.urbanpiper.com/integrations,https://cdn.prod.website-files.com/62aae3a2134cd27204efacc7/68b7cec9972b2872c69e488d_Integration%20page%20icons%20(9).png,India,POS Systems,,
Royal POS,royal-pos,https://www.urbanpiper.com/integrations,https://cdn.prod.website-files.com/62aae3a2134cd27204efacc7/65697b2f865499ea1218c8a6_royalpos-logo-6569797dba2b6.webp,India,POS Systems,,
SAAG Systems,saag-systems,https://www.urbanpiper.com/integrations,https://cdn.prod.website-files.com/62aae3a2134cd27204efacc7/656989fd43fe259d23b7620f_saag%20systems.webp,,POS Systems,,
Sahlhub,sahlhub,https://www.urbanpiper.com/integrations,https://cdn.prod.website-files.com/62aae3a2134cd27204efacc7/656983e84f251f6c539c9969_SAHL%20Logo.webp,United Arab Emirates,POS Systems,,
SambaPOS,sambapos,https://www.urbanpiper.com/integrations,https://cdn.prod.website-files.com/62aae3a2134cd27204efacc7/65698cb1aaa385bd5afcfdd9_sambapos_logo.webp,,POS Systems,,
Sapaad,sapaad,https://www.urbanpiper.com/integrations,https://cdn.prod.website-files.com/62aae3a2134cd27204efacc7/65698b128d994c80152c80d7_Sapaad-logo.webp,United Arab Emirates; Saudi Arabia,POS Systems,,
Semnox,semnox,https://www.urbanpiper.com/integrations,https://cdn.prod.website-files.com/62aae3a2134cd27204efacc7/666443a0c2505f0bbc487c41_Semnox%20Logo.webp,India,POS Systems,,
Sequential Soft/HIO POS,sequential-soft-hio-pos,https://www.urbanpiper.com/integrations,https://cdn.prod.website-files.com/62aae3a2134cd27204efacc7/65698597f24ca81fd0c32217_Hiopos_logo.webp,,POS Systems,,
Sero,sero,https://www.urbanpiper.com/integrations,https://cdn.prod.website-files.com/62aae3a2134cd27204efacc7/6672c05f13d07207b264c6da_logo.webp,United States; India,POS Systems,,
Shadowfax,shadowfax,https://www.urbanpiper.com/integrations,https://cdn.prod.website-files.com/62aae3a2134cd27204efacc7/65658e860c72506b342e1612_Shadowfax-logo%20(1).webp,India,Fulfilment,,
Sigmoss,sigmoss,https://www.urbanpiper.com/integrations,https://cdn.prod.website-files.com/62aae3a2134cd27204efacc7/65697f8ada22f1701e0443e6_sigmoss-logo-6569797ee8617.webp,India,POS Systems,,
SimpleTouch,simpletouch,https://www.urbanpiper.com/integrations,https://cdn.prod.website-files.com/62aae3a2134cd27204efacc7/6878f92852d112697531d391_Simple%20Touch%20POS%20-%20UP.webp,Egypt,POS Systems,,
Skip the Dishes,skip-the-dishes,https://www.urbanpiper.com/integrations,https://cdn.prod.website-files.com/62aae3a2134cd27204efacc7/66fb85030b4912068155864e_Skip%20logo.webp,Canada,Delivery platforms,,
Slerp,slerp,https://www.urbanpiper.com/integrations,https://cdn.prod.website-files.com/62aae3a2134cd27204efacc7/6662b561bcbf2c6b1da1f9fd_slerp.webp,United Kingdom,Online Ordering,,
Smart POS,smart-pos,https://www.urbanpiper.com/integrations,https://cdn.prod.website-files.com/62aae3a2134cd27204efacc7/65698af28a65a2c6c4ff3bd2_Smart%20pos-logo.webp,,POS Systems,,
SmartQ,smartq,https://www.urbanpiper.com/integrations,https://cdn.prod.website-files.com/62aae3a2134cd27204efacc7/65697c87a8418071be5a3974_smartq-logo-6569797f8c11d.webp,India,POS Systems,,
Smiles,smiles,https://www.urbanpiper.com/integrations,https://cdn.prod.website-files.com/62aae3a2134cd27204efacc7/690da2e6d42b37844d0d89d7_Integration%20page%20icons%20(12).png,United Arab Emirates,,,
Sonic POS,sonic-pos,https://www.urbanpiper.com/integrations,https://cdn.prod.website-files.com/62aae3a2134cd27204efacc7/690aed3df9e75d8251c5d410_Untitled%20design%20(52).png,Bahrain; Egypt; Jordan; Kuwait; Oman,POS Systems,,
Sparktech,sparktech,https://www.urbanpiper.com/integrations,https://cdn.prod.website-files.com/62aae3a2134cd27204efacc7/65697ce263931ea93e278c85_sparktech-logo-6569798027f9d.webp,India,POS Systems,,
SpeQue POS,speque-pos,https://www.urbanpiper.com/integrations,https://cdn.prod.website-files.com/62aae3a2134cd27204efacc7/65697a5275665a89afb984e7_speque-logo-656979802cb5d.webp,India,POS Systems,,
Spotlight,spotlight,https://www.urbanpiper.com/integrations,https://cdn.prod.website-files.com/62aae3a2134cd27204efacc7/656985801c2bdf62d236d974_Spotlight%20Logo.webp,United Arab Emirates,POS Systems,,
Square,square,https://www.urbanpiper.com/integrations,https://cdn.prod.website-files.com/62aae3a2134cd27204efacc7/65659824af7a1650b27b8dd0_Square%20logo%20(1).png,United Kingdom; United States; Australia,POS Systems,,
Squirrel,squirrel,https://www.urbanpiper.com/integrations,https://cdn.prod.website-files.com/62aae3a2134cd27204efacc7/65a67d00af6fe0a7e31fa937_squirrel_systems_logo.webp,United Arab Emirates; Saudi Arabia; Kuwait,POS Systems,,
Stackedin,stackedin,https://www.urbanpiper.com/integrations,https://cdn.prod.website-files.com/62aae3a2134cd27204efacc7/6672be8b9afe71517716d478_Screenshot%202024-06-19%20162630.webp,United States,POS Systems,,
Stuart,stuart,https://www.urbanpiper.com/integrations,https://cdn.prod.website-files.com/62aae3a2134cd27204efacc7/65658ef37307f8a2334e9fc0_Stuart_Logo%20(1).webp,United Kingdom,Fulfilment,,
SummerPOS/Toastpie,summerpos-toastpie,https://www.urbanpiper.com/integrations,https://cdn.prod.website-files.com/62aae3a2134cd27204efacc7/656979fb1c2bdf62d22f66f3_summer-apptoastpie-logo-65697980d3449.webp,India,POS Systems,,
Sumup,sumup,https://www.urbanpiper.com/integrations,https://cdn.prod.website-files.com/62aae3a2134cd27204efacc7/656989a2866875695e0a820b_sumup.webp,United Kingdom; United States,POS Systems,,
Supy,supy,https://www.urbanpiper.com/integrations,https://cdn.prod.website-files.com/62aae3a2134cd27204efacc7/690ae2a86d8963ffca8ff788_Untitled%20design%20(50).png,Bahrain; Egypt; Jordan; Kuwait; Oman,POS Systems,,
Svika,svika,https://www.urbanpiper.com/integrations,https://cdn.prod.website-files.com/62aae3a2134cd27204efacc7/65697c9c1c2bdf62d230f3ea_svika-logo-1-65697981623d0.webp,India,POS Systems,,
Swiggy,swiggy,https://www.urbanpiper.com/integrations,https://cdn.prod.website-files.com/62aae3a2134cd27204efacc7/65644afe45db91a91b31516c_Swiggy-logo%20(1).webp,India,Delivery platforms,,
SynQues/Q4 Retail,synques-q4-retail,https://www.urbanpiper.com/integrations,https://cdn.prod.website-files.com/62aae3a2134cd27204efacc7/65697c3579ab2f7b647ec3ee_q4-retail-logo-6569797c00cea.webp,India,POS Systems,,
Syrve,syrve,https://www.urbanpiper.com/integrations,https://cdn.prod.website-files.com/62aae3a2134cd27204efacc7/65698d25f24ca81fd0c824df_syrve_logo.webp,Saudi Arabia; United Arab Emirates,POS Systems,,
TMBill,tmbill,https://www.urbanpiper.com/integrations,https://cdn.prod.website-files.com/62aae3a2134cd27204efacc7/679b491529c25742b2a1e2e0_TMBill-logo.png,Qatar; Kuwait; Saudi Arabia; United Arab Emirates; India,POS Systems,,
Talabat,talabat,https://www.urbanpiper.com/integrations,https://cdn.prod.website-files.com/62aae3a2134cd27204efacc7/65658946d2b50ef76814409d_talabat-logo-_1_.webp,United Arab Emirates; Kuwait; Qatar; Bahrain; Oman,Delivery platforms,,
Talabna,talabna,https://www.urbanpiper.com/integrations,https://cdn.prod.website-files.com/62aae3a2134cd27204efacc7/690da0c0961e62583c2deb82_Integration%20page%20icons%20(13).webp,United Arab Emirates,Delivery platforms,,
Tevalis,tevalis,https://www.urbanpiper.com/integrations,https://cdn.prod.website-files.com/62aae3a2134cd27204efacc7/65698d41f25e720033441484_Tevalis%20logo.webp,United Kingdom,POS Systems,,
The Chefz,the-chefz,https://www.urbanpiper.com/integrations,https://cdn.prod.website-files.com/62aae3a2134cd27204efacc7/671a1746c32b40cdb7cba97a_The%20Chefz%20logo.webp,Saudi Arabia,Delivery platforms,,
The On Demand Company,the-on-demand-company,https://www.urbanpiper.com/integrations,https://cdn.prod.website-files.com/62aae3a2134cd27204efacc7/675974b71689a1cdb9b53347_The%20on%20demand%20logo.webp,United States,POS Systems,,
Thinksoftwares,thinksoftwares,https://www.urbanpiper.com/integrations,https://cdn.prod.website-files.com/62aae3a2134cd27204efacc7/656981008d994c8015257e3a_think-softwares.webp,United Arab Emirates; Oman; Bahrain,POS Systems,,
Tipplr,tipplr,https://www.urbanpiper.com/integrations,https://cdn.prod.website-files.com/62aae3a2134cd27204efacc7/65658816d750204ffa58f42d_Tipplr-logo%20(1).webp,India,Online Ordering,,
ToYou,toyou,https://www.urbanpiper.com/integrations,https://cdn.prod.website-files.com/62aae3a2134cd27204efacc7/656589e46f49dfef9e1a70a1_To-You-LOGO%20(1).webp,Saudi Arabia,Delivery platforms,,
Toast,toast,https://www.urbanpiper.com/integrations,https://cdn.prod.website-files.com/62aae3a2134cd27204efacc7/68341141130e81870bb746b7_toast-pos.png,United Kingdom; United States,POS Systems,,
TouchBistro,touchbistro,https://www.urbanpiper.com/integrations,https://cdn.prod.website-files.com/62aae3a2134cd27204efacc7/65697f1cf9738c8487c29ff8_touchbistro.webp,United States; Canada,POS Systems,,
Tray,tray,https://www.urbanpiper.com/integrations,https://cdn.prod.website-files.com/62aae3a2134cd27204efacc7/6878fae8ac3199eb1d1dfac3_Tray%20POS%20-%20UP.webp,United States; Saudi Arabia,POS Systems,,
Uber Eats,uber-eats,https://www.urbanpiper.com/integrations,https://cdn.prod.website-files.com/62aae3a2134cd27204efacc7/65a8e3e5b5a57f04a66a981c_Uber%20Eats%20logo%20(1).webp,United Kingdom; Canada; United States; Kenya; Sri Lanka,Delivery platforms,,
Uengage,uengage,https://www.urbanpiper.com/integrations,https://cdn.prod.website-files.com/62aae3a2134cd27204efacc7/65644b699e955286d95c5638_uEngage-logo%20(1).webp,India,Online Ordering,,
Urbandart,urbandart,https://www.urbanpiper.com/integrations,https://cdn.prod.website-files.com/62aae3a2134cd27204efacc7/65697c14a8418071be59f490_urbandart-logo-65697981f3f21.webp,India,POS Systems,,
Vada,vada,https://www.urbanpiper.com/integrations,https://cdn.prod.website-files.com/62aae3a2134cd27204efacc7/679c887fbd9d9a04edb58be7_vada-logo.png,United States,POS Systems,,
Vertex,vertex,https://www.urbanpiper.com/integrations,https://cdn.prod.website-files.com/62aae3a2134cd27204efacc7/65697da866eaeb8146e800bf_vertex-logo-6569798210e62.webp,India,POS Systems,,
Weevi,weevi,https://www.urbanpiper.com/integrations,https://cdn.prod.website-files.com/62aae3a2134cd27204efacc7/690d9af530e764c03d56bf54_Integration%20page%20icons%20(10).webp,Saudi Arabia,Online Ordering,,
Yotto Labs,yotto-labs,https://www.urbanpiper.com/integrations,https://cdn.prod.website-files.com/62aae3a2134cd27204efacc7/65697c7475665a89afbac40b_yotto-labs-logo-6569798291904.webp,India,POS Systems,,
Your buddy,your-buddy,https://www.urbanpiper.com/integrations,https://cdn.prod.website-files.com/62aae3a2134cd27204efacc7/65697dcc79ab2f7b647f89f6_your-buddy-logo-6569798296fbe.webp,India,POS Systems,,
Zentrades/Smartserv,zentrades-smartserv,https://www.urbanpiper.com/integrations,https://cdn.prod.website-files.com/62aae3a2134cd27204efacc7/65697ad37c62d0c2963a712b_smartserv-logo-6569797f8c591.webp,India,POS Systems,,
Zomato,zomato,https://www.urbanpiper.com/integrations,https://cdn.prod.website-files.com/62aae3a2134cd27204efacc7/6564498db08c1110d01e9a87_Zomato_logo%20(1).webp,India,Delivery platforms,,
eZee Optimus,ezee-optimus,https://www.urbanpiper.com/integrations,https://cdn.prod.website-files.com/62aae3a2134cd27204efacc7/666442fb9003a2057a299fd3_eZee%20Optimus_Logo.webp,India,POS Systems,,
kayana POS,kayana-pos,https://www.urbanpiper.com/integrations,https://cdn.prod.website-files.com/62aae3a2134cd27204efacc7/688a01eb64911a38b1ee2930_Integration%20page%20icons%20(5).png,United Kingdom,POS Systems,,
