name,provider_id,url,logo_url,price,rating,reviews,requests_received,categories,badges,specialities,sell_from,sell_in
247Tasker,87a5ae1c-8ceb-4575-93db-44ea9fa8ca9c,https://sellercentral.amazon.com/gspn/provider-details/Excess%20Inventory/87a5ae1c-8ceb-4575-93db-44ea9fa8ca9c?ref_=sc_gspn_eilst_eidt-87a5ae1c&localeSelection=en_US&sellFrom=US&sellIn=US,https://m.media-amazon.com/images/G/31/rainier/sellergenie/Untitled_design__1_.png,,,,More than 5,Excess Inventory,,"Expert Amazon PPC management, bid optimization, keyword targeting, A/B testing, Sponsored Ads strategy, ACOS reduction, performance tracking, competitor analysis, and data-driven ad scaling for maximum ROI and sales growth.",US,US
3PLGUYS,1ee5a296-9c06-4b86-a29d-09bbdffdc54a,https://sellercentral.amazon.com/gspn/provider-details/Excess%20Inventory/1ee5a296-9c06-4b86-a29d-09bbdffdc54a?ref_=sc_gspn_eilst_eidt-1ee5a296&localeSelection=en_US&sellFrom=US&sellIn=US,https://m.media-amazon.com/images/G/31/rainier/sellergenie/3PLGUYS_PREP_.jpg,,,,More than 5,Excess Inventory; FBA Preparation; Storage,,"Cost-effective off-Amazon storage, re-bundling, liquidation prep, fast re-routing to marketplaces, and expert handling of aging inventory—helping Amazon sellers recover value and avoid long-term FBA penalties.",US,US
5 Star Packaging Inc.,0c50aeef-ad90-4f80-b7ae-357644029d7e,https://sellercentral.amazon.com/gspn/provider-details/Sustainability/0c50aeef-ad90-4f80-b7ae-357644029d7e?ref_=sc_gspn_suslst_susdt-0c50aeef&localeSelection=en_US&sellFrom=US&sellIn=US,https://m.media-amazon.com/images/G/31/rainier/sellergenie/5_Star_Packaging_logo.png,,,,More than 5,Sustainability,,"We provide custom and stock packaging solutions designed to reduce your company's carbon footprint, and comply with both Ships in Product Packaging and FFP packaging requirements.",US,US
Ace e-Commerce Solutions,88c9ed93-d745-47db-95b7-1cc8acb1192b,https://sellercentral.amazon.com/gspn/provider-details/Account%20Management/88c9ed93-d745-47db-95b7-1cc8acb1192b?ref_=sc_gspn_blst_bdt-88c9ed93&localeSelection=en_US&sellFrom=US&sellIn=US,https://m.media-amazon.com/images/G/31/rainier/sellergenie/ACELO._CB1198675309_.jpg,USD 30.00 per month,4.0,54,,Account Management; Cataloguing,,We specialize in keyword optimization to maximize your product sales.,US,US
ADEPT GROUP,cc39bcee-4b27-4bd2-8195-9681d2e1fead,https://sellercentral.amazon.com/gspn/provider-details/Sustainability/cc39bcee-4b27-4bd2-8195-9681d2e1fead?ref_=sc_gspn_suslst_susdt-cc39bcee&localeSelection=en_US&sellFrom=US&sellIn=US,https://m.media-amazon.com/images/G/31/rainier/sellergenie/Adept_Logo_Amazon_Format_V9.png,,,,More than 5,Sustainability,,"Packaging Engineering, Consulting, Sustainability, Cost Savings and Productivity, Regulatory Compliance, Quality Remediation, Material Sourcing, Specification Management, Labeling, Line Trials and Qualifications, E-commerce Packaging, Risk Analysis, Pallet Pattern Optimization",US,US
Advanced Packaging Technology Laboratories,f774fb65-bde3-4006-82a5-16b59c17d682,https://sellercentral.amazon.com/gspn/provider-details/Sustainability/f774fb65-bde3-4006-82a5-16b59c17d682?ref_=sc_gspn_suslst_susdt-f774fb65&localeSelection=en_US&sellFrom=US&sellIn=US,https://m.media-amazon.com/images/G/31/rainier/sellergenie/Advanced_packaging_logo.png,,,,,Sustainability,,"APASS Listed, ISTA-6 Amazon Ships in Product Packaging, ISTA, ASTM, NMFTA, FedEx, UN/DOT/Hazmat, Materials Testing, Environmental Testing, Members of Good Standing with: AICC, TAPPI, IOPP, ASTM.",US,US
Alton,198be670-dc4d-4d9b-aed8-cd254d2fd78d,https://sellercentral.amazon.com/gspn/provider-details/Taxes/198be670-dc4d-4d9b-aed8-cd254d2fd78d?ref_=sc_gspn_talst_tadt-198be670&localeSelection=en_US&sellFrom=US&sellIn=US,https://m.media-amazon.com/images/G/01/ags/corkboard/Alton_logo._CB513495991_.png,,4.5,31,,Taxes,,US Sales Tax Registration & Filings FEIN Federal Tax ID Registrations W8-BEN and W8-BEN-E Support US Market Entry Consulting US Company Formation Booking for US Entities US Visa support,US,US
AM Testing & Services,d5d40f75-b205-4f2f-93e8-010994faacff,https://sellercentral.amazon.com/gspn/provider-details/Compliance/d5d40f75-b205-4f2f-93e8-010994faacff?ref_=sc_gspn_colst_codt-d5d40f75&localeSelection=en_US&sellFrom=US&sellIn=US,https://m.media-amazon.com/images/G/01/ags/tsba/providerLogo/AM_testing_logo.jpg,,5.0,27,,Compliance,,Baby Products - Childcare Articles - Children’s Products - Toys/Games - Juvenile Products – Textile/Apparel – Food Contact Products - Housewares – Jewelry - Arts & Crafts - Pet Products - Unique and Miscellaneous Products - Cal Prop 65,US,US
Aparichit Technologies,84f355b0-1421-4317-9100-6a412d46a99f,https://sellercentral.amazon.com/gspn/provider-details/Account%20Management/84f355b0-1421-4317-9100-6a412d46a99f?ref_=sc_gspn_blst_bdt-84f355b0&localeSelection=en_US&sellFrom=US&sellIn=US,https://m.media-amazon.com/images/G/31/rainier/sellergenie/Logo_ast._CB1198675309_.jpg,USD 54.34 per month,5.0,7,,Account Management,,We specialize in over all account mamangement,US,US
"APC Postal Logistics, LLC",7b932571-d932-4cc5-aec1-cc508b525cbb,https://sellercentral.amazon.com/gspn/provider-details/International%20Returns/7b932571-d932-4cc5-aec1-cc508b525cbb?ref_=sc_gspn_irlst_irdt-7b932571&localeSelection=en_US&sellFrom=US&sellIn=US,https://m.media-amazon.com/images/G/01/ags/tsba/providerLogo/APC-Logo._CB1553184682_.png,,,,More than 51,International Returns,,"Canada, Australia, and most EU Countries",US,US
Appeals Doctor,89d9d510-c93f-4a31-87a7-ea5cbaa400f1,https://sellercentral.amazon.com/gspn/provider-details/Accounting/89d9d510-c93f-4a31-87a7-ea5cbaa400f1?ref_=sc_gspn_acclst_accdt-89d9d510&localeSelection=en_US&sellFrom=US&sellIn=US,https://m.media-amazon.com/images/G/01/ags/tsba/providerLogo/AppealsDoctor_Logo.jpg,USD 1.00 per account,,,More than 51,Accounting,,"Our bookkeeping services for Amazon stores allow you, as a start-up or established Amazon seller, to spend less time on data entry work and more time on growing your business. You can make good use of your time on growing your client base, providing excellent service to your customers, and focus on growing your business.",US,US
AVASK Accounting & Tax,21fa78d4-f4e0-47e7-8866-b309c2177cc9,https://sellercentral.amazon.com/gspn/provider-details/Taxes/21fa78d4-f4e0-47e7-8866-b309c2177cc9?ref_=sc_gspn_talst_tadt-21fa78d4&localeSelection=en_US&sellFrom=US&sellIn=US,https://m.media-amazon.com/images/G/01/ags/tsba/providerLogo/Avask-Logo._CB1542394786_.jpg,,4.5,82,,Taxes,,"UK, European and US e-commerce Accountants and Tax Experts",US,US
Aybases,2906dcc3-06af-4a07-96f9-4f3facd977b3,https://sellercentral.amazon.com/gspn/provider-details/Storage/2906dcc3-06af-4a07-96f9-4f3facd977b3?ref_=sc_gspn_slst_sdt-2906dcc3&localeSelection=en_US&sellFrom=US&sellIn=US,https://m.media-amazon.com/images/G/31/rainier/sellergenie/LOGO_aybases.png,USD 15.00 per month,,,More than 5,Storage,,"We specialize in preparing FBA shipments including consolidate, labeling, kitting, and palletizing, provided with the following shipping service",US,US
B2B Trade Center,e51cb6a8-2d88-4c66-ba9b-375deb4e53c0,https://sellercentral.amazon.com/gspn/provider-details/Compliance/e51cb6a8-2d88-4c66-ba9b-375deb4e53c0?ref_=sc_gspn_colst_codt-e51cb6a8&localeSelection=en_US&sellFrom=US&sellIn=US,https://m.media-amazon.com/images/G/31/rainier/sellergenie/b2b_logog.jpg,,5.0,2,,Compliance,,"FDA, FFR, VCRP, OTC, Label Review, Ingredients Review, FSMA, FSVP, TTB, COLA, Formula Approval",US,US
BEST CORPORATION PRIVATE LIMITED,8387ce04-8589-4c77-a382-272784f5a5b9,https://sellercentral.amazon.com/gspn/provider-details/Manufacturing/8387ce04-8589-4c77-a382-272784f5a5b9?ref_=sc_gspn_mlst_mdt-8387ce04&localeSelection=en_US&sellFrom=US&sellIn=US,https://m.media-amazon.com/images/G/31/rainier/sellergenie/Screenshot_43.jpg,,,,More than 26,Manufacturing,,"BEST is a 100% vertically integrated textile manufacturer from Spinning to garment manufacturer based in Central/ Southern India, Ethiopia and Kenya. BEST has a product specialization in underwear and babywear.",US,US
BM Consulting,ac1398cb-72ca-443c-8ae6-8f764e1297f4,https://sellercentral.amazon.com/gspn/provider-details/Advertising%20Optimization/ac1398cb-72ca-443c-8ae6-8f764e1297f4?ref_=sc_gspn_alst_adt-ac1398cb&localeSelection=en_US&sellFrom=US&sellIn=US,https://m.media-amazon.com/images/G/31/rainier/sellergenie/bmconsultinglogo.jpg,USD 99.00 per month,4.5,82,,Advertising Optimization,,We are specialized in maintaining and generating maximum sales with minimum spending by creating and optimizing campaigns based on various strategies with the help of different Amazon reports and other Tools.,US,US
Brandsom,1585534e-a2b5-46b5-ab15-5785f46b4915,https://sellercentral.amazon.com/gspn/provider-details/Enhanced%20Brand%20Content/1585534e-a2b5-46b5-ab15-5785f46b4915?ref_=sc_gspn_ebclst_ebcdt-1585534e&localeSelection=en_US&sellFrom=US&sellIn=US,https://m.media-amazon.com/images/G/01/ags/tsba/providerLogo/Brandsom-Logo.jpg,USD 145.13 per product,,,More than 5,Enhanced Brand Content,,For brand owners we create A+ content which is completly in line with your brand-style and the Amazon guidelines,US,US
buffaBRAND Marketing,23343f76-3166-406a-82e6-8b8081dd2441,https://sellercentral.amazon.com/gspn/provider-details/Enhanced%20Brand%20Content/23343f76-3166-406a-82e6-8b8081dd2441?ref_=sc_gspn_ebclst_ebcdt-23343f76&localeSelection=en_US&sellFrom=US&sellIn=US,https://m.media-amazon.com/images/G/01/ags/tsba/providerLogo/buffaBRAND_Logo.png,USD 350.00 per product,5.0,1,More than 51,Enhanced Brand Content,,"We specialize in comprehensive solutions to product graphics and design on Amazon's various platforms, including A+, Stores, and video content. We partner with sellers to provide everything in one place.",US,US
Cajanauta.com,d0e9f746-7bb1-45e1-baa2-994c88b2c561,https://sellercentral.amazon.com/gspn/provider-details/Translation/d0e9f746-7bb1-45e1-baa2-994c88b2c561?ref_=sc_gspn_tralst_tradt-d0e9f746&localeSelection=en_US&sellFrom=US&sellIn=US,https://m.media-amazon.com/images/G/01/ags/tsba/providerLogo/caca_Logo._CB1539739838_.jpg,USD 0.06 per word,,,,Translation,,English to Spanish / Español a ingles - Includes Keyword optimization,US,US
Calium Seller Services,218919a7-661e-4e1c-a721-26be982ef3e7,https://sellercentral.amazon.com/gspn/provider-details/Training/218919a7-661e-4e1c-a721-26be982ef3e7?ref_=sc_gspn_trlst_trdt-218919a7&localeSelection=en_US&sellFrom=US&sellIn=US,https://m.media-amazon.com/images/G/31/rainier/sellergenie/9QmtpLp-logo._CB1198675309_.jpg,USD 32.61 per course,4.5,23,,Training,,"We are having an expert, specialized and experienced team for amazon Global Platforms.",US,US
CaptainBI,03defd62-c040-4257-ba47-dc40dbd01488,https://sellercentral.amazon.com/gspn/provider-details/Accounting/03defd62-c040-4257-ba47-dc40dbd01488?ref_=sc_gspn_acclst_accdt-03defd62&localeSelection=en_US&sellFrom=US&sellIn=US,https://m.media-amazon.com/images/G/01/ags/tsba/providerLogo/Captinbi-logo._CB1582655509_.png,USD 579.55 per account,,,,Accounting,,CaptainBI replaces Amazon's advertising management system and launches intelligent optimization programs to improve advertising effectiveness.,US,US
CIRS C&K Testing,2b234860-0830-4519-a35c-ef19deb1b2b9,https://sellercentral.amazon.com/gspn/provider-details/Compliance/2b234860-0830-4519-a35c-ef19deb1b2b9?ref_=sc_gspn_colst_codt-2b234860&localeSelection=en_US&sellFrom=US&sellIn=US,https://m.media-amazon.com/images/G/01/ags/tsba/providerLogo/CIRS-Logo.jpg,,5.0,3,,Compliance,,"Toys & Children's Products, Food Contact Materials, Electrical and Electronic Equipment, Rubber & Plastics, Textile, Footwear and Luggage, Cosmetics & Hygienic Products and other consumer products; Classification & Labeling of Chemicals: SDS/MSDS, afety Labels; USA, EU, China, Japan, South Korea, ASEAN Regulatory Compliance Testing, etc.",US,US
Contcomex Contabilidade,e71c3fb6-3d4c-4848-a853-2f018b6ef615,https://sellercentral.amazon.com/gspn/provider-details/Taxes/e71c3fb6-3d4c-4848-a853-2f018b6ef615?ref_=sc_gspn_talst_tadt-e71c3fb6&localeSelection=en_US&sellFrom=US&sellIn=US,https://m.media-amazon.com/images/G/31/rainier/sellergenie/LOGO_CONTCOMEX-1.png,,5.0,2,More than 51,Taxes,,Assessoria e consultoria completa para sua empresa exportar sua mercadoria com origen no Brasil,US,US
Content-oh!,e0382f90-bb79-4b49-9c83-a64e24019ca1,https://sellercentral.amazon.com/gspn/provider-details/Imaging/e0382f90-bb79-4b49-9c83-a64e24019ca1?ref_=sc_gspn_ilst_idt-e0382f90&localeSelection=en_US&sellFrom=US&sellIn=US,https://m.media-amazon.com/images/G/01/ags/tsba/providerLogo/Logo-Contentoh._CB1572473067_.png,USD 2.94 per product,5.0,2,,Imaging; Translation,,"We specialize in Product Photography. We take photographs that will make your products highlight, according to Amazon specifications. We also make Photos shooting, Hero Images, Isometric Photos, 360 ° and many more.",US,US
Corpify,86b547a0-cbff-4135-82a3-448a3ae29acb,https://sellercentral.amazon.com/gspn/provider-details/Taxes/86b547a0-cbff-4135-82a3-448a3ae29acb?ref_=sc_gspn_talst_tadt-86b547a0&localeSelection=en_US&sellFrom=US&sellIn=US,https://m.media-amazon.com/images/G/31/rainier/sellergenie/Corpify_Logo.png,,,,,Taxes,,"Virtual Company Formations, EIN, ITIN, Sales Tax, VAT, GST Registrations and filings, Accounting | USA, UK, Europe, UAE, KSA, India, Singapore, Japan, Australia",US,US
CoShipper - International Freight Forwarding,bd998cd3-cbd2-429c-8f0f-3f235a91d702,https://sellercentral.amazon.com/gspn/provider-details/International%20Shipping/bd998cd3-cbd2-429c-8f0f-3f235a91d702?ref_=sc_gspn_islst_isdt-bd998cd3&localeSelection=en_US&sellFrom=US&sellIn=US,https://m.media-amazon.com/images/G/01/ags/tsba/providerLogo/Coshipper-logo._CB1550252652_.png,,4.5,71,,International Shipping; Storage; Training,,"FBA Door-2-Door, DDP/DDU | Small/Large Shipments, LCL/FCL 15+ Day to Door EXPRESS Ocean, Standard Ocean, Air, Air + Ground, with options for full customs clearence.",US,US
"Cowan, Liebowitz & Latman P.C.",1b1c58f3-e4d1-45e9-a810-0891bb0a61e5,https://sellercentral.amazon.com/gspn/provider-details/IP%20Accelerator/1b1c58f3-e4d1-45e9-a810-0891bb0a61e5?ref_=sc_gspn_iplst_ipdt-1b1c58f3&localeSelection=en_US&sellFrom=US&sellIn=US,https://m.media-amazon.com/images/G/01/ags/tsba/providerLogo/logo._CB1557419389_.png,,4.5,52,,IP Accelerator,,"We specialize in Trademarks, Copyrights and Patents, and counsel clients in a wide-variety of industries.",US,US
CTT,931b6357-7ff0-46f8-a23f-0a57eb364019,https://sellercentral.amazon.com/gspn/provider-details/Compliance/931b6357-7ff0-46f8-a23f-0a57eb364019?ref_=sc_gspn_colst_codt-931b6357&localeSelection=en_US&sellFrom=US&sellIn=US,https://m.media-amazon.com/images/G/01/ags/tsba/providerLogo/CTT-logo._CB1554240430_.png,,4.5,19,,Compliance,,"Toys and juvenile products（CPC), FCM, hard goods, footwear, apparel , accessories, electronics & electronics products,ect.",US,US
DahNAY Logistics Private Limited,7d1abcdc-acfa-443d-b2c5-27f5ecee4630,https://sellercentral.amazon.com/gspn/provider-details/International%20Shipping/7d1abcdc-acfa-443d-b2c5-27f5ecee4630?ref_=sc_gspn_islst_isdt-7d1abcdc&localeSelection=en_US&sellFrom=US&sellIn=US,https://m.media-amazon.com/images/G/31/rainier/sellergenie/DahNAY_Growthenow_logo_400x300px__002.jpg,,5.0,2,,International Shipping,,"International Freight Forwarding, Air Freight, Ocean Freight, Warehousing & Distribution, Relabeling, Door Delivery, Returns, Transportation Services & AMAZON FBA delivery",US,US
Digital Reps,39d2e2cd-5488-47e0-bb47-c002e492d059,https://sellercentral.amazon.com/gspn/provider-details/Translation/39d2e2cd-5488-47e0-bb47-c002e492d059?ref_=sc_gspn_tralst_tradt-39d2e2cd&localeSelection=en_US&sellFrom=US&sellIn=US,https://m.media-amazon.com/images/G/31/rainier/sellergenie/digital_reps_logo.jpg,USD 0.25 per word,,,,Translation,,"Professional and fast translation for product titles, descriptions, bullet points, A+ content, and storefront on Amazon.",US,US
Divrit Consultancy Private Limited,76c55f6b-0d7e-4efe-ba92-bc2490cafcf9,https://sellercentral.amazon.com/gspn/provider-details/Advertising%20Optimization/76c55f6b-0d7e-4efe-ba92-bc2490cafcf9?ref_=sc_gspn_alst_adt-76c55f6b&localeSelection=en_US&sellFrom=US&sellIn=US,https://m.media-amazon.com/images/G/31/rainier/sellergenie/DivritLogo._CB1198675309_.png,USD 79.00 per month,4.5,18,,Advertising Optimization,,"Focus on Manual Ads Campaigns, Regular Reporting",US,US
Dresma Inc,542f8436-17fc-4c70-9836-2e024a5ca452,https://sellercentral.amazon.com/gspn/provider-details/Imaging/542f8436-17fc-4c70-9836-2e024a5ca452?ref_=sc_gspn_ilst_idt-542f8436&localeSelection=en_US&sellFrom=US&sellIn=US,https://m.media-amazon.com/images/G/01/ags/tsba/providerLogo/DresmaInc-Logo.png,USD 1.00 per product,5.0,1,,Imaging,,"With just a few clicks on the DoMyShoot app, you can instantly generate the pro-quality images you need for your products to stand out on Amazon.",US,US
DUDANI RETAIL PRIVATE LIMITED,cc36a637-33e6-43b7-b627-ba94526a8fbe,https://sellercentral.amazon.com/gspn/provider-details/Manufacturing/cc36a637-33e6-43b7-b627-ba94526a8fbe?ref_=sc_gspn_mlst_mdt-cc36a637&localeSelection=en_US&sellFrom=US&sellIn=US,https://m.media-amazon.com/images/G/31/rainier/sellergenie/divena1.png,,,,More than 5,Manufacturing,,Customer Satisfaction or Plus Size Is our specialties,US,US
Dunner Law / Raphael Bellum,6fbd5388-6fef-41f0-9fe9-1a78cbab7c4a,https://sellercentral.amazon.com/gspn/provider-details/IP%20Accelerator/6fbd5388-6fef-41f0-9fe9-1a78cbab7c4a?ref_=sc_gspn_iplst_ipdt-6fbd5388&localeSelection=en_US&sellFrom=US&sellIn=US,https://m.media-amazon.com/images/G/31/rainier/sellergenie/Dunner_Rb_Combine_Logo.jpg,,4.5,374,,IP Accelerator,,"We specialize in counseling, protection, maintenance, enforcement and litigation for trademark, copyright, trade secret, unfair competition, false advertising, domain name, social media and online issues; also, licensing and commercial contracts.",US,US
e-Community,5700ac90-a8a8-4571-82f4-70be46764870,https://sellercentral.amazon.com/gspn/provider-details/FBA%20Preparation/5700ac90-a8a8-4571-82f4-70be46764870?ref_=sc_gspn_fplst_fpdt-5700ac90&localeSelection=en_US&sellFrom=US&sellIn=US,https://m.media-amazon.com/images/G/01/ags/tsba/providerLogo/ecommunity_logo._CB1533162173_.jpg,USD 1.00 per unit,5.0,1,More than 5,FBA Preparation,,"We specialize in training and demonstrating the process, to ensure warehouses can continue supplying Amazon's warehouses with inventory.",US,US
Ebenstones pvt ltd,10d5ed0e-04b3-434e-abda-19c896e393d5,https://sellercentral.amazon.com/gspn/provider-details/Manufacturing/10d5ed0e-04b3-434e-abda-19c896e393d5?ref_=sc_gspn_mlst_mdt-10d5ed0e&localeSelection=en_US&sellFrom=US&sellIn=US,https://m.media-amazon.com/images/G/31/rainier/sellergenie/Eben_Stones_logo.jpg,,,,,Manufacturing,,We are manufacture Stanchion Post & Fire Extinguishers,US,US
Ecom Seller Solutions,9b190b53-784f-4e15-a904-fe5f5707d2c6,https://sellercentral.amazon.com/gspn/provider-details/FBA%20Preparation/9b190b53-784f-4e15-a904-fe5f5707d2c6?ref_=sc_gspn_fplst_fpdt-9b190b53&localeSelection=en_US&sellFrom=US&sellIn=US,https://m.media-amazon.com/images/G/01/ags/tsba/providerLogo/spnecomsellerlogo.jpg,USD 1.00 per unit,,,More than 51,FBA Preparation; Training,,"We help the international seller to consolidate packages, poly bagging, labeling individual package, quality checks, storage, and bundling / kitting the products.",US,US
eCOM SOLUTIONS,23aef3e9-a807-43d7-bb76-dbb7cec1c3be,https://sellercentral.amazon.com/gspn/provider-details/Account%20Management/23aef3e9-a807-43d7-bb76-dbb7cec1c3be?ref_=sc_gspn_blst_bdt-23aef3e9&localeSelection=en_US&sellFrom=US&sellIn=US,https://m.media-amazon.com/images/G/31/rainier/sellergenie/Standard_Logo._CB1198675309_.png,USD 100.00 per month,5.0,9,,Account Management; Cataloguing; Training,,"Includes complete maintainence of inventory, Cataloguing, order processing, account health management.",US,US
Ecom Tabs,0d8da366-40f9-4e4a-9f8b-c62d9dfc183b,https://sellercentral.amazon.com/gspn/provider-details/Enhanced%20Brand%20Content/0d8da366-40f9-4e4a-9f8b-c62d9dfc183b?ref_=sc_gspn_ebclst_ebcdt-0d8da366&localeSelection=en_US&sellFrom=US&sellIn=US,https://m.media-amazon.com/images/G/01/ags/tsba/providerLogo/EcomTabs-Logo.jpg,USD 69.00 per product,5.0,1,More than 26,Enhanced Brand Content,,"A+/EBC content creation, we specialize in conducting in-depth product research to deliver the best product representation using icons, infographics & lifestyle images.",US,US
Ecomcy,119befb5-80c3-41c4-8efe-0c04536c8ccb,https://sellercentral.amazon.com/gspn/provider-details/Enhanced%20Brand%20Content/119befb5-80c3-41c4-8efe-0c04536c8ccb?ref_=sc_gspn_ebclst_ebcdt-119befb5&localeSelection=en_US&sellFrom=US&sellIn=US,https://m.media-amazon.com/images/G/31/rainier/sellergenie/Ecomcy_logo.png,USD 200.00 per product,,,More than 5,Enhanced Brand Content; FBA Preparation; Training,,We specialize in enhanced brand content writing that meets Amazon guideline.,US,US
Ecommerce Logistics LLC,d6d935cb-a7d6-4072-8a48-b18bd462671d,https://sellercentral.amazon.com/gspn/provider-details/Compliance/d6d935cb-a7d6-4072-8a48-b18bd462671d?ref_=sc_gspn_colst_codt-d6d935cb&localeSelection=en_US&sellFrom=US&sellIn=US,https://m.media-amazon.com/images/G/01/ags/tsba/providerLogo/EcommerceLogisticsLLC-Logo.jpg,,,,,Compliance; International Shipping,,"We provide special certification, registration, and consulting services to help foreign Sellers to enter their products into the U.S. market complying with U.S. Governmental Agencies regulations.",US,US
Emarspro,030223b5-8227-40ab-8a39-cc413045815e,https://sellercentral.amazon.com/gspn/provider-details/Excess%20Inventory/030223b5-8227-40ab-8a39-cc413045815e?ref_=sc_gspn_eilst_eidt-030223b5&localeSelection=en_US&sellFrom=US&sellIn=US,https://m.media-amazon.com/images/G/31/rainier/sellergenie/Emarspro_Logo_PNG.jpg,,,,More than 5,Excess Inventory,,"FBA inventory analysis, aged stock reduction, sell-through improvement, bulk removal orders, automated pricing strategies, IPI score optimization, overstock liquidation, cost control, storage fee reduction, and strategic inventory health management.",US,US
Enewcleus,62b99350-f87a-46c5-8cab-42da86771ec2,https://sellercentral.amazon.com/gspn/provider-details/Account%20Management/62b99350-f87a-46c5-8cab-42da86771ec2?ref_=sc_gspn_blst_bdt-62b99350&localeSelection=en_US&sellFrom=US&sellIn=US,https://m.media-amazon.com/images/G/01/ags/tsba/providerLogo/enewcleus_logo._CB1534476012_.jpg,USD 299.00 per month,4.5,595,,Account Management; Advertising Optimization; Training,,"From account health management, content update, operations, price updates, deals & promotions, seller assistance we offer you everything you need for your account.",US,US
eStore Factory,0fe95224-9a76-4672-9624-30b8f0509d31,https://sellercentral.amazon.com/gspn/provider-details/Account%20Management/0fe95224-9a76-4672-9624-30b8f0509d31?ref_=sc_gspn_blst_bdt-0fe95224&localeSelection=en_US&sellFrom=US&sellIn=US,https://m.media-amazon.com/images/G/31/rainier/sellergenie/ESF_New_Logo_square.png,USD 400.00 per month,,,,Account Management; Advertising Optimization; Cataloguing; Enhanced Brand Content; Imaging; Training,,"FBA experts managing 5,000+ sellers. Dedicated US-based manager. 10+ years solving Amazon headaches. Real results, real fast. Daily account monitoring prevents costly suspensions. Buy Box recovery within 48 hours.",US,US
eVanik OneWorld Suite,b487bcbd-b563-43a9-ab29-aa581016452f,https://sellercentral.amazon.com/gspn/provider-details/Accounting/b487bcbd-b563-43a9-ab29-aa581016452f?ref_=sc_gspn_acclst_accdt-b487bcbd&localeSelection=en_US&sellFrom=US&sellIn=US,https://m.media-amazon.com/images/G/31/rainier/sellergenie/evanik-logo11._CB1198675309_.png,USD 18.00 per account,,,More than 26,Accounting,,"Gap between You & Success is just 2 steps and 14 minutes away. eVanik OneWorld Suite promises to boost your productivity by 2.5x and save over 80% of your time and energy in your e-commerce business. Accurate Payments Reconciliation, One-Click Tally | Zoho | QuickBooks Integration, Centralized Inventory Management, GST Ready Reports, Track and Manage Return Orders, Faster Shipments, Product wise Profit Calculator, Automated Repricing and lots more to skyrocket your business on Amazon. Awarded as Best SPN 2017-18 in Accounting Category",US,US
EVERPEAKS,0d20d3ba-4118-4377-83b1-34081277f00f,https://sellercentral.amazon.com/gspn/provider-details/Enhanced%20Brand%20Content/0d20d3ba-4118-4377-83b1-34081277f00f?ref_=sc_gspn_ebclst_ebcdt-0d20d3ba&localeSelection=en_US&sellFrom=US&sellIn=US,https://m.media-amazon.com/images/G/01/ags/tsba/providerGallery/everpeakslogo2019_standard_SPN.jpg,USD 25.00 per product,5.0,1,,Enhanced Brand Content,,"Video, A+ content, and EBCs",US,US
Evolve,494aa394-a709-489c-b9dd-cf674a9a6058,https://sellercentral.amazon.com/gspn/provider-details/Training/494aa394-a709-489c-b9dd-cf674a9a6058?ref_=sc_gspn_trlst_trdt-494aa394&localeSelection=en_US&sellFrom=US&sellIn=US,https://m.media-amazon.com/images/G/01/ags/tsba/providerLogo/evlove-logo._CB1581531423_.png,USD 100.00 per course,,,More than 5,Training,,We specialize in consulting successful marketplace set up and management.,US,US
FASTFORWARD,1b808171-c763-4a23-a1a6-e3ed2634cc1d,https://sellercentral.amazon.com/gspn/provider-details/Compliance/1b808171-c763-4a23-a1a6-e3ed2634cc1d?ref_=sc_gspn_colst_codt-1b808171&localeSelection=en_US&sellFrom=US&sellIn=US,https://m.media-amazon.com/images/G/31/rainier/sellergenie/FASTFORWARD_Logo.png,,,,,Compliance,,"Registros, renovaciones y revisión de etiquetado ante la FDA. Registros USDA de productos frescos y Registros TTBs",US,US
FBMFulfillment.com,c31da1ac-dffe-4bc0-bdf9-360974c95500,https://sellercentral.amazon.com/gspn/provider-details/Excess%20Inventory/c31da1ac-dffe-4bc0-bdf9-360974c95500?ref_=sc_gspn_eilst_eidt-c31da1ac&localeSelection=en_US&sellFrom=US&sellIn=US,https://m.media-amazon.com/images/G/31/rainier/sellergenie/fbm_logo.png,,,,,Excess Inventory; International Returns,,"Extremely reliable, Affordable and easy to do business with.",US,US
FBMFulfillment.com,83dd626b-84c2-4628-b88c-9881ec07795f,https://sellercentral.amazon.com/gspn/provider-details/Excess%20Inventory/83dd626b-84c2-4628-b88c-9881ec07795f?ref_=sc_gspn_eilst_eidt-83dd626b&localeSelection=en_US&sellFrom=US&sellIn=US,https://m.media-amazon.com/images/G/31/rainier/sellergenie/fbm_logo.png,,,,,Excess Inventory; International Returns,,"Extremely reliable, Affordable and easy to do business with.",US,US
Feedvisor,0125e5a4-fddc-4fe3-98db-e6f622266ff3,https://sellercentral.amazon.com/gspn/provider-details/Enhanced%20Brand%20Content/0125e5a4-fddc-4fe3-98db-e6f622266ff3?ref_=sc_gspn_ebclst_ebcdt-0125e5a4&localeSelection=en_US&sellFrom=US&sellIn=US,https://m.media-amazon.com/images/G/01/ags/tsba/providerLogo/FeedvisorLogo._CB1560966420_.png,USD 2500.00 per product,,,More than 26,Enhanced Brand Content,,We specialize in creating Enhanced Brand Content according to Amazon guidelines and best practices to help brands effectively convey their brand story and drive engagement and conversion.,US,US
FineGrow Solutions,5e06ff9b-9cb4-44dd-b581-324505f077f9,https://sellercentral.amazon.com/gspn/provider-details/Advertising%20Optimization/5e06ff9b-9cb4-44dd-b581-324505f077f9?ref_=sc_gspn_alst_adt-5e06ff9b&localeSelection=en_US&sellFrom=US&sellIn=US,https://m.media-amazon.com/images/G/31/rainier/sellergenie/fine_grow_logo.png,USD 80.00 per month,4.5,32,,Advertising Optimization,,"Boost the performance of your Amazon Ads. Using your budget, you can witness an increase in your conversions and your click-through rates while lowering your ACoS..",US,US
FisherBroyles,dfcff51d-01f3-43e8-8eaa-05612f38e8fe,https://sellercentral.amazon.com/gspn/provider-details/IP%20Accelerator/dfcff51d-01f3-43e8-8eaa-05612f38e8fe?ref_=sc_gspn_iplst_ipdt-dfcff51d&localeSelection=en_US&sellFrom=US&sellIn=US,https://m.media-amazon.com/images/G/01/ags/tsba/providerLogo/FB-logo._CB1565639236_.png,,4.5,161,,IP Accelerator,,"United States trademark filings, oppositions, office actions; trademark clearance; trademark maintenance; trademark renewals; trademark agreements; trademark infringement; trademark licenses and assignments; international trademark filings; domain name disputes; trademark portfolio management; copyright filings;",US,US
Flat Rate Prep,ae8d7a5d-e532-44c1-add4-99c0fb682d86,https://sellercentral.amazon.com/gspn/provider-details/FBA%20Preparation/ae8d7a5d-e532-44c1-add4-99c0fb682d86?ref_=sc_gspn_fplst_fpdt-ae8d7a5d&localeSelection=en_US&sellFrom=US&sellIn=US,https://m.media-amazon.com/images/G/01/ags/tsba/providerLogo/FRP-Logo._CB1555610247_.jpg,USD 2.25 per unit,5.0,3,,FBA Preparation,,"We specialize in fast, accurate FBA Prep. 24-48 Hour Turnaround.",US,US
Freight Right,e7c47de2-b1d4-4e3c-9f5b-212114ee6245,https://sellercentral.amazon.com/gspn/provider-details/International%20Shipping/e7c47de2-b1d4-4e3c-9f5b-212114ee6245?ref_=sc_gspn_islst_isdt-e7c47de2&localeSelection=en_US&sellFrom=US&sellIn=US,https://m.media-amazon.com/images/G/01/ags/tsba/providerLogo/FreightRight-logo._CB1550182756_.jpg,,5.0,1,,International Shipping,,"We specialize in helping Amazon Sellers move their orders efficiently from any factory to FBA facilities. Our warehouse network allows for last minute changes, problem resolutions, as well as short and long term storage.",US,US
Frisbi,71108727-9659-46f8-bd81-3b7a6b272125,https://sellercentral.amazon.com/gspn/provider-details/International%20Shipping/71108727-9659-46f8-bd81-3b7a6b272125?ref_=sc_gspn_islst_isdt-71108727&localeSelection=en_US&sellFrom=US&sellIn=US,https://m.media-amazon.com/images/G/31/rainier/sellergenie/Frisbi_Logo.jpg,,4.5,62,,International Shipping,,"We are growth experts, helping brands expand to Amazon’s International Marketplaces - air/express freight - small parcel delivery - DDP delivery to FBA Centers - Product Compliance - Border Clearance - Importer of Record",US,US
FZCO,631eda09-8fbe-4b1f-b154-123ae3e26161,https://sellercentral.amazon.com/gspn/provider-details/Taxes/631eda09-8fbe-4b1f-b154-123ae3e26161?ref_=sc_gspn_talst_tadt-631eda09&localeSelection=en_US&sellFrom=US&sellIn=US,https://m.media-amazon.com/images/G/31/rainier/sellergenie/Logo_FZCO.png,,3.0,2,,Taxes,,"We offer global cross-border VAT registration, VAT compliance and accounting services provide by professional team.",US,US
geekspeak,df878f89-5d86-41c6-ad11-0490d76428ea,https://sellercentral.amazon.com/gspn/provider-details/Translation/df878f89-5d86-41c6-ad11-0490d76428ea?ref_=sc_gspn_tralst_tradt-df878f89&localeSelection=en_US&sellFrom=US&sellIn=US,https://m.media-amazon.com/images/G/01/ags/tsba/providerLogo/geekspeak_logo._CB1533000751_.jpg,USD 0.15 per word,,,More than 5,Translation,,Our team of professional translators go beyond simple translation by localizing and optimizing content. We ensure the content is accurate based on the local terminology used in a region.,US,US
Generation eCom,83640763-b30a-4e0e-947f-0b2b207ca58e,https://sellercentral.amazon.com/gspn/provider-details/Excess%20Inventory/83640763-b30a-4e0e-947f-0b2b207ca58e?ref_=sc_gspn_eilst_eidt-83640763&localeSelection=en_US&sellFrom=US&sellIn=US,https://m.media-amazon.com/images/G/31/rainier/sellergenie/GE_Logo1.png,,,,More than 5,Excess Inventory,,"Inventory analysis, aging stock identification, pricing strategy, liquidation planning, FBA removal management, storage fee reduction, sell-through improvement, promotional campaigns, demand forecasting, and customized solutions to recover value from excess inventory.",US,US
GetMyVAT,632d85de-dfbf-433f-99a0-75443381f6ba,https://sellercentral.amazon.com/gspn/provider-details/Accounting/632d85de-dfbf-433f-99a0-75443381f6ba?ref_=sc_gspn_acclst_accdt-632d85de&localeSelection=en_US&sellFrom=US&sellIn=US,https://m.media-amazon.com/images/G/01/ags/tsba/providerLogo/GetMyVAT-logo._CB1563482602_.png,USD 150.00 per account,,,More than 26,Accounting; Taxes,,"Financial accounting and reporting, Budget monitoring, Special bookkeeping and reporting",US,US
GINNI FILAMENTS LIMITED,ee422e0e-5082-4f91-80c5-7de04c4a6ddc,https://sellercentral.amazon.com/gspn/provider-details/Manufacturing/ee422e0e-5082-4f91-80c5-7de04c4a6ddc?ref_=sc_gspn_mlst_mdt-ee422e0e&localeSelection=en_US&sellFrom=US&sellIn=US,https://m.media-amazon.com/images/G/31/rainier/sellergenie/MFR/logo-_ginni.jpg,,,,More than 5,Manufacturing,,"We manufacture consumer products in the segment of: Beauty Care, Personal Care, Institutional, Household. These products hold the benefits of:Superior Performance, Eco-Friendly, Safe for Skin, Cruelty Free,Sustainable Products",US,US
Global Partner Warehousing,c73cd27a-78d5-47da-a370-0ec8e4cf5519,https://sellercentral.amazon.com/gspn/provider-details/Excess%20Inventory/c73cd27a-78d5-47da-a370-0ec8e4cf5519?ref_=sc_gspn_eilst_eidt-c73cd27a&localeSelection=en_US&sellFrom=US&sellIn=US,https://m.media-amazon.com/images/G/31/rainier/sellergenie/GPW_logo.jpg,,,,More than 51,Excess Inventory; FBA Preparation; Storage,,Return handling & storage available for USA marketplace,US,US
GOODCANG,1e198453-68fb-4222-803c-1c17a64d1272,https://sellercentral.amazon.com/gspn/provider-details/Storage/1e198453-68fb-4222-803c-1c17a64d1272?ref_=sc_gspn_slst_sdt-1e198453&localeSelection=en_US&sellFrom=US&sellIn=US,https://m.media-amazon.com/images/G/01/ags/tsba/providerLogo/Goodcang-Logo.png,USD 40.00 per month,,,,Storage,,"We specialize in warehouse storage service for various types of goods with low storage fee in USA,UK,DE,AU and so on",US,US
Goodz,1b67d873-95d5-4740-8726-92f14f5b133e,https://sellercentral.amazon.com/gspn/provider-details/Advertising%20Optimization/1b67d873-95d5-4740-8726-92f14f5b133e?ref_=sc_gspn_alst_adt-1b67d873&localeSelection=en_US&sellFrom=US&sellIn=US,https://m.media-amazon.com/images/G/01/ags/tsba/providerLogo/Goodz-Logo.png,USD 200.00 per month,5.0,2,More than 51,Advertising Optimization; Cataloguing; Enhanced Brand Content,,We create and optimize campaigns. Our goal is to use the budget efficiently and convert traffic into sales.,US,US
GrandEx,aac42e94-1e4b-415b-bff6-9a7af374b9d9,https://sellercentral.amazon.com/gspn/provider-details/Excess%20Inventory/aac42e94-1e4b-415b-bff6-9a7af374b9d9?ref_=sc_gspn_eilst_eidt-aac42e94&localeSelection=en_US&sellFrom=US&sellIn=US,https://m.media-amazon.com/images/G/31/rainier/sellergenie/grand_lo.png,,,,More than 5,Excess Inventory,,"Excess inventory management for Amazon sellers, including storage, inspection, relabeling, liquidation, and returns. We help efficiently handle overstocked FBA goods with flexible storage, resale, and supplier return solutions.",US,US
GRUPO SERPA,75c06670-68ae-4329-b873-676fe8d78f4a,https://sellercentral.amazon.com/gspn/provider-details/International%20Returns/75c06670-68ae-4329-b873-676fe8d78f4a?ref_=sc_gspn_irlst_irdt-75c06670&localeSelection=en_US&sellFrom=US&sellIn=US,https://m.media-amazon.com/images/G/01/ags/tsba/providerLogo/GrupoSerpa-Logo.png,,,,More than 26,International Returns,,We offer advice and integrated solutions in international logistics and transport for importing and exporting companies.,US,US
GXPRESS SOLUTIONS,da0d2645-db67-4d72-b06e-38bc57c99ff6,https://sellercentral.amazon.com/gspn/provider-details/International%20Returns/da0d2645-db67-4d72-b06e-38bc57c99ff6?ref_=sc_gspn_irlst_irdt-da0d2645&localeSelection=en_US&sellFrom=US&sellIn=US,https://m.media-amazon.com/images/G/31/rainier/sellergenie/GXL._CB1198675309_.jpg,,,,,International Returns; International Shipping,,We specialize in keeping the product value intact through innovative return management solutions,US,US
Hovey Williams LLP,b9e222b3-c55e-4985-b699-57805ba2f3e1,https://sellercentral.amazon.com/gspn/provider-details/IP%20Accelerator/b9e222b3-c55e-4985-b699-57805ba2f3e1?ref_=sc_gspn_iplst_ipdt-b9e222b3&localeSelection=en_US&sellFrom=US&sellIn=US,https://m.media-amazon.com/images/G/01/ags/tsba/providerLogo/HW-Logo._CB1198675309_.jpg,,4.5,124,,IP Accelerator,,"Our firm regularly works with individuals and organizations of all types and sizes on clearing and registering trademarks, managing worldwide trademark portfolios, and trademark and domain name enforcement, and recordation of trademarks with U.S. Customs & Border Patrol.",US,US
HR TECH LLC,22705264-54c2-4fe6-a847-9f30a05cd6cc,https://sellercentral.amazon.com/gspn/provider-details/Accounting/22705264-54c2-4fe6-a847-9f30a05cd6cc?ref_=sc_gspn_acclst_accdt-22705264&localeSelection=en_US&sellFrom=US&sellIn=US,https://m.media-amazon.com/images/G/01/ags/tsba/providerLogo/hr_tech_logo1.jpg,USD 99.00 per account,,,,Accounting; Advertising Optimization; Cataloguing; Enhanced Brand Content; Training,,"We specialize in Accounting framework based on day to day , A2X Integration, Inventory Management, Bank reconciliation , Preparation of Income statements and Cash Flow.",US,US
IdeaLegal,c9b18269-6dc1-4eea-b909-3bca46d74f2f,https://sellercentral.amazon.com/gspn/provider-details/IP%20Accelerator/c9b18269-6dc1-4eea-b909-3bca46d74f2f?ref_=sc_gspn_iplst_ipdt-c9b18269&localeSelection=en_US&sellFrom=US&sellIn=US,https://m.media-amazon.com/images/G/01/ags/tsba/providerLogo/Ideal-logo._CB1565281989_.png,,4.5,1154,,IP Accelerator,,"We specialize in trademark strategy, clearance and registration; domain name advice and disputes; copyright registration and licensing; brand monitoring and enforcement; and intellectual property disputes.",US,US
Impes Technology Private limited,c739a749-9a18-4639-af35-3a2e78982406,https://sellercentral.amazon.com/gspn/provider-details/Account%20Management/c739a749-9a18-4639-af35-3a2e78982406?ref_=sc_gspn_blst_bdt-c739a749&localeSelection=en_US&sellFrom=US&sellIn=US,https://m.media-amazon.com/images/G/31/rainier/sellergenie/Impeslogo._CB1198675309_.png,USD 40.00 per month,4.5,187,,Account Management; Advertising Optimization; Cataloguing,,"Service provider helps sellers understand necessary dos and don’ts to avoid future suspension. In addition to account reinstatement, SP can also help in writing POA to activate suspended ASINs.",US,US
iMultiChannel,52a66526-5941-4df2-942b-7529825226c1,https://sellercentral.amazon.com/gspn/provider-details/Imaging/52a66526-5941-4df2-942b-7529825226c1?ref_=sc_gspn_ilst_idt-52a66526&localeSelection=en_US&sellFrom=US&sellIn=US,https://m.media-amazon.com/images/G/01/ags/tsba/providerLogo/iMultiChannel_logo.jpg,USD 2.67 per product,5.0,1,,Imaging; Translation,,Create standard complaint images with accurate angles and white backgrounds // Innovate creative infographics from very basic product images // Retouch and edit images as instructed based on seller's preference,US,US
Intertek,e4020610-f119-4937-932a-13a310f28fd1,https://sellercentral.amazon.com/gspn/provider-details/Compliance/e4020610-f119-4937-932a-13a310f28fd1?ref_=sc_gspn_colst_codt-e4020610&localeSelection=en_US&sellFrom=US&sellIn=US,https://m.media-amazon.com/images/G/01/ags/corkboard/logo-intertek._CB1516844373_.png,,3.0,6,,Compliance; Sustainability,,We can offer testing services on electrical appliances and other HL/SL products and our electrical lab is accredited by Japanese government.,US,US
JGS Jaipur Global Services Pvt Ltd,c9f3c2fb-0628-485b-8308-4a03c8699434,https://sellercentral.amazon.com/gspn/provider-details/Accounting/c9f3c2fb-0628-485b-8308-4a03c8699434?ref_=sc_gspn_acclst_accdt-c9f3c2fb&localeSelection=en_US&sellFrom=US&sellIn=US,https://m.media-amazon.com/images/G/31/rainier/sellergenie/JGSLOGOREVISED._CB1198675309_.png,USD 150.00 per account,,,More than 51,Accounting,,"Accounting services help Amazon sellers for seamless recording of B2B and B2C orders, Amazon payments & expenses and offline purchases & expenses in Tally ERP 9.0. Payment reconciliation service helps for reconciling Amazon payments at Order level, Payout analysis (SKU wise & order wise) and Payments & refunds.",US,US
Jiufang E-commerce Logistics,c0805af1-32bf-47f3-b6a3-59cb93b79462,https://sellercentral.amazon.com/gspn/provider-details/Storage/c0805af1-32bf-47f3-b6a3-59cb93b79462?ref_=sc_gspn_slst_sdt-c0805af1&localeSelection=en_US&sellFrom=US&sellIn=US,https://m.media-amazon.com/images/G/31/rainier/sellergenie/jiufang-SPN-logo.jpg,,,,,Storage,,"JiuFang can store your products in our warehouse, prepare and ship to the FBA partially or in full when you need it.",US,US
Karma Logistical Services,1abce229-662e-4bda-9ead-090bd4d9780c,https://sellercentral.amazon.com/gspn/provider-details/International%20Returns/1abce229-662e-4bda-9ead-090bd4d9780c?ref_=sc_gspn_irlst_irdt-1abce229&localeSelection=en_US&sellFrom=US&sellIn=US,https://m.media-amazon.com/images/G/31/rainier/sellergenie/Logo_kls_logsc.jpg,,,,More than 5,International Returns,,"We specialize in handling Amazon returns internationally. Our warehouses are capable of inspection, repair, repacking and restocking.",US,US
Karthik P J,8e19b61a-361e-4917-b028-67f9fc11c3be,https://sellercentral.amazon.com/gspn/provider-details/Training/8e19b61a-361e-4917-b028-67f9fc11c3be?ref_=sc_gspn_trlst_trdt-8e19b61a&localeSelection=en_US&sellFrom=US&sellIn=US,https://m.media-amazon.com/images/G/31/rainier/sellergenie/Standard_Logo._CB1198675309_.png,USD 150.00 per course,,,More than 51,Training,,Full day can be talk about amazon process,US,US
Kenneth I. Gross & Associates,3f801de1-00eb-4d9b-964b-89433e10360b,https://sellercentral.amazon.com/gspn/provider-details/IP%20Accelerator/3f801de1-00eb-4d9b-964b-89433e10360b?ref_=sc_gspn_iplst_ipdt-3f801de1&localeSelection=en_US&sellFrom=US&sellIn=US,https://m.media-amazon.com/images/G/31/rainier/sellergenie/law_kross_logo.jpg,,4.5,86,,IP Accelerator,,"We specialize in all types of trademark matters, from application through registration, as well as trademark litigation, and resolution of trademark infringement claims",US,US
KNIGHTS & KING,ef3adffb-bb36-4d25-95db-bba11b831398,https://sellercentral.amazon.com/gspn/provider-details/Account%20Management/ef3adffb-bb36-4d25-95db-bba11b831398?ref_=sc_gspn_blst_bdt-ef3adffb&localeSelection=en_US&sellFrom=US&sellIn=US,https://m.media-amazon.com/images/G/31/rainier/sellergenie/KNIGHTLOGO.png,USD 25.00 per month,5.0,87,,Account Management,,"We will support all Seller Central operations (claim management, buyer-seller communication, product compliance and shipping performance) and also provide recommendations to grow your store on Amazon.",US,US
KRASHELL,fad36ae7-1f63-4b55-bbe5-b73af821d7ca,https://sellercentral.amazon.com/gspn/provider-details/Manufacturing/fad36ae7-1f63-4b55-bbe5-b73af821d7ca?ref_=sc_gspn_mlst_mdt-fad36ae7&localeSelection=en_US&sellFrom=US&sellIn=US,https://m.media-amazon.com/images/G/31/rainier/sellergenie/krashell-logo.jpg,,,,More than 5,Manufacturing,,"Leather Handmade Journals,Paper Notebooks",US,US
Kreative Kids,5804b96f-6efa-4b29-a27b-8f53551ddbf6,https://sellercentral.amazon.com/gspn/provider-details/Manufacturing/5804b96f-6efa-4b29-a27b-8f53551ddbf6?ref_=sc_gspn_mlst_mdt-5804b96f&localeSelection=en_US&sellFrom=US&sellIn=US,https://m.media-amazon.com/images/G/31/rainier/sellergenie/kreative_logo.png,,,,More than 26,Manufacturing,,Kreative Kids International aspire to be recognize as Leading Licensee for Kids Range & take a wide-ranging move towards the best Products for Kids.,US,US
KROLOG INC.,7d1912a1-d654-438e-a334-4bc1670625b6,https://sellercentral.amazon.com/gspn/provider-details/Cataloguing/7d1912a1-d654-438e-a334-4bc1670625b6?ref_=sc_gspn_clst_cdt-7d1912a1&localeSelection=en_US&sellFrom=US&sellIn=US,https://m.media-amazon.com/images/G/01/ags/tsba/providerLogo/Krolog_Logo.png,USD 75.00 per product,4.5,61,,Cataloguing; Imaging,,"We specialize in Cataloguing and listing, both Basic, A+ and EBC, presenting products in the best manner with quality content including keyword optimization and accurate categorization",US,US
LB Logistics,fef854c8-e50b-4bfe-8cfa-03f897d92e1d,https://sellercentral.amazon.com/gspn/provider-details/FBA%20Preparation/fef854c8-e50b-4bfe-8cfa-03f897d92e1d?ref_=sc_gspn_fplst_fpdt-fef854c8&localeSelection=en_US&sellFrom=US&sellIn=US,https://m.media-amazon.com/images/G/31/rainier/sellergenie/Logo_LB_Logistics.png,USD 0.15 per unit,,,More than 51,FBA Preparation; International Returns; Storage,,"We offer Amazon FBA preparation services like packaging, labeling, kitting, poly-bagging, storage, product inspection, shrink wrapping, LTL and parcel shipping and more.",US,US
Linen Design Company Private Limited,c1592f8c-fc75-4207-ad0a-54df1a8a8764,https://sellercentral.amazon.com/gspn/provider-details/Manufacturing/c1592f8c-fc75-4207-ad0a-54df1a8a8764?ref_=sc_gspn_mlst_mdt-c1592f8c&localeSelection=en_US&sellFrom=US&sellIn=US,https://m.media-amazon.com/images/G/31/rainier/sellergenie/Swayam_new_logo_with_register.jpg,,,,More than 26,Manufacturing,,"Manufacturing - Decorative cushions, Pillows, Throws, Kitchen Linens, Beddings, curtains and Table Linens, Outdoor cushions etc.",US,US
"Litian International Logistics Co., Ltd",94cbc94f-ff2b-4ac0-8e6d-88f4d9a825ef,https://sellercentral.amazon.com/gspn/provider-details/International%20Returns/94cbc94f-ff2b-4ac0-8e6d-88f4d9a825ef?ref_=sc_gspn_irlst_irdt-94cbc94f&localeSelection=en_US&sellFrom=US&sellIn=US,https://m.media-amazon.com/images/G/01/ags/tsba/providerLogo/LOGOlitian._CB1563917749_.jpg,,,,,International Returns; International Shipping,,"We specialize in cargo return from Canada, Mexico and USA to China & Hong Kong by air &by sea.",US,US
Loza & Loza LLP,b43bad6b-ea54-46dc-8ef6-319ecbfb4f4a,https://sellercentral.amazon.com/gspn/provider-details/IP%20Accelerator/b43bad6b-ea54-46dc-8ef6-319ecbfb4f4a?ref_=sc_gspn_iplst_ipdt-b43bad6b&localeSelection=en_US&sellFrom=US&sellIn=US,https://m.media-amazon.com/images/G/01/ags/tsba/providerLogo/LLLogo._CB1567095703_.png,,4.5,1167,,IP Accelerator,,"All aspects of trademark law, including: Clearance Searches; Trademark Application & Registration; Office Action Responses; Statements of Use (for “intent to use” applications); Trademark Renewals (between 5th and 6th year after registration); Oppositions & Cancellations; Consent Agreements.",US,US
LUCIAN INTERNATIONAL PVT LTD,289fbe89-60de-4d0c-b279-28231502e9ba,https://sellercentral.amazon.com/gspn/provider-details/Accounting/289fbe89-60de-4d0c-b279-28231502e9ba?ref_=sc_gspn_acclst_accdt-289fbe89&localeSelection=en_US&sellFrom=US&sellIn=US,https://m.media-amazon.com/images/G/31/rainier/sellergenie/Lucian_logo.png,USD 9.00 per account,,,More than 26,Accounting; Taxes,,"Service providers will help you reconcile your Amazon payments at order level and also provide you with business analysis, Invoice level audit, pending returns tracking, payment matching and profitability reports",US,US
LUCKYLUCKY,6d62fe30-0e48-442b-be41-e81606082d7c,https://sellercentral.amazon.com/gspn/provider-details/International%20Shipping/6d62fe30-0e48-442b-be41-e81606082d7c?ref_=sc_gspn_islst_isdt-6d62fe30&localeSelection=en_US&sellFrom=US&sellIn=US,https://m.media-amazon.com/images/G/01/ags/tsba/providerLogo/lucky-logo.jpg,,4.5,34,,International Shipping,,Get real-time shipping to FBA quotes for multiple shipping plans in our website. We provide direct ship to FBA and pre-warehouse storage services in China and overseas.,US,US
Lucria Consult,de23db03-abe4-4652-ab19-1f67eb52079c,https://sellercentral.amazon.com/gspn/provider-details/Taxes/de23db03-abe4-4652-ab19-1f67eb52079c?ref_=sc_gspn_talst_tadt-de23db03&localeSelection=en_US&sellFrom=US&sellIn=US,https://m.media-amazon.com/images/G/31/rainier/sellergenie/lucria_consult.png,,5.0,2,,Taxes,,"USA (EIN & Sales Tax), UK (VAT), Canada (BIN & GST), Germany (VAT), India (IEC & GST), Australia (BIN & GST)",US,US
Lynex Global Solutions,10fddeed-85f8-4f4f-9f5c-b7ead466b0b1,https://sellercentral.amazon.com/gspn/provider-details/Training/10fddeed-85f8-4f4f-9f5c-b7ead466b0b1?ref_=sc_gspn_trlst_trdt-10fddeed&localeSelection=en_US&sellFrom=US&sellIn=US,https://m.media-amazon.com/images/G/31/rainier/sellergenie/Lynex_logo.jpg,USD 200.00 per course,,,More than 5,Training,,"Service providers offer in-person and classroom training covering the following modules: UPC & brand registration, GST update, account settings, shipping settings, how to add products, managing inventory, order processing, etc.",US,US
Marketplace Mentor,6cda0f48-1629-4d0d-95df-38616b619c17,https://sellercentral.amazon.com/gspn/provider-details/Imaging/6cda0f48-1629-4d0d-95df-38616b619c17?ref_=sc_gspn_ilst_idt-6cda0f48&localeSelection=en_US&sellFrom=US&sellIn=US,https://m.media-amazon.com/images/G/01/ags/tsba/providerLogo/Marketplace_Mentor_Logo._CB1555622175_.jpg,USD 111.58 per product,,,More than 5,Imaging,,Marketplace Mentor is a full-service marketing agency completely specialized in Amazon consultancy. We support Sellers from the analysis of Amazon potential to the complete management of the account.,US,US
Marketplace Valet,d9351ae6-12f8-4a1d-84d2-561fd7775082,https://sellercentral.amazon.com/gspn/provider-details/Storage/d9351ae6-12f8-4a1d-84d2-561fd7775082?ref_=sc_gspn_slst_sdt-d9351ae6&localeSelection=en_US&sellFrom=US&sellIn=US,https://m.media-amazon.com/images/G/01/ags/tsba/providerLogo/marketplace-logo.png,USD 40.00 per month,5.0,1,,Storage,,"We specialize in warehousing and fulfillment, providing professional storage options to our clients in our 50,000 square foot warehouse located in California, only 45 miles from Port of Long Beach.",US,US
MARKSCIENT,1712e139-1d1d-45d2-af5a-395c69e77b7a,https://sellercentral.amazon.com/gspn/provider-details/Enhanced%20Brand%20Content/1712e139-1d1d-45d2-af5a-395c69e77b7a?ref_=sc_gspn_ebclst_ebcdt-1712e139&localeSelection=en_US&sellFrom=US&sellIn=US,https://m.media-amazon.com/images/G/01/ags/tsba/providerLogo/CampbellSolutions_Logo.png,USD 55.00 per product,,,More than 5,Enhanced Brand Content,,a) Creative graphic design for every budget b) Quick turnaround time c) Content writing included d) Minimum 5-level design,US,US
MarsTranslation,0499bbbc-ddf8-4106-90b9-45d7e48b071c,https://sellercentral.amazon.com/gspn/provider-details/Translation/0499bbbc-ddf8-4106-90b9-45d7e48b071c?ref_=sc_gspn_tralst_tradt-0499bbbc&localeSelection=en_US&sellFrom=US&sellIn=US,https://m.media-amazon.com/images/G/01/ags/tsba/providerLogo/MarsTranslations-Logo.png,USD 0.06 per word,,,More than 5,Translation,,We are specialized in translations and localization in 120 languages for any kind of industry. We offer fast Turnaround Time and high quality for competitive pricing.,US,US
MAVEN by CALDERA LAW,bd9a7f00-4c7d-413f-babf-366f6df6ce12,https://sellercentral.amazon.com/gspn/provider-details/IP%20Accelerator/bd9a7f00-4c7d-413f-babf-366f6df6ce12?ref_=sc_gspn_iplst_ipdt-bd9a7f00&localeSelection=en_US&sellFrom=US&sellIn=US,https://m.media-amazon.com/images/G/31/rainier/sellergenie/Maven-by-Caldera-Thumbnail-Square.jpg,,4.5,663,,IP Accelerator,,"U.S. and foreign trademark filings, trademark office actions, trademarks searches and clearance, maintenance, trademark renewals, agreements, licenses, and contracts; trademark portfolio management; enforcement; copyright; domain name disputes; international trademark representation.",US,US
"McCormick, Paulding & Huber",6df1ac00-3dd4-4307-8302-cdb954dec0bf,https://sellercentral.amazon.com/gspn/provider-details/IP%20Accelerator/6df1ac00-3dd4-4307-8302-cdb954dec0bf?ref_=sc_gspn_iplst_ipdt-6df1ac00&localeSelection=en_US&sellFrom=US&sellIn=US,https://m.media-amazon.com/images/G/01/ags/tsba/providerLogo/AmazonMPHlogo._CB1567720709_.png,,4.5,175,,IP Accelerator,,We specialize in obtaining Trademark and Copyright Registrations in a cost effective and client-centered manner.,US,US
MeisterPrep,bcbf8fdf-8ce8-4786-9cb1-f22f530cfdc1,https://sellercentral.amazon.com/gspn/provider-details/Excess%20Inventory/bcbf8fdf-8ce8-4786-9cb1-f22f530cfdc1?ref_=sc_gspn_eilst_eidt-bcbf8fdf&localeSelection=en_US&sellFrom=US&sellIn=US,https://m.media-amazon.com/images/G/31/rainier/sellergenie/Logo_PREP_FBA.png,,,,More than 51,Excess Inventory,,"We specialize in optimizing excess inventory management and maximizing duty drawback claims, ensuring efficient warehouse space utilization and enhanced financial returns in global trade operations.",US,US
MERCURIUS ADVISORY SERVICES,b64ccae8-9ac2-421d-984b-c51eaaf87c8f,https://sellercentral.amazon.com/gspn/provider-details/Taxes/b64ccae8-9ac2-421d-984b-c51eaaf87c8f?ref_=sc_gspn_talst_tadt-b64ccae8&localeSelection=en_US&sellFrom=US&sellIn=US,https://m.media-amazon.com/images/G/31/rainier/sellergenie/MASTLOGO1._CB1198675309_.jpg,,5.0,3,,Taxes,,"Company Incorporation, EIN and Sales Tax registration in the US, VAT registration in UK, Business Number in Canada, Trade License in UAE, Australian Business Number, GST in India, GST/HST/PST in Canada",US,US
Millennium Logistics,cd8f6e47-e8f5-4ee6-bc16-a6e267693a6a,https://sellercentral.amazon.com/gspn/provider-details/International%20Shipping/cd8f6e47-e8f5-4ee6-bc16-a6e267693a6a?ref_=sc_gspn_islst_isdt-cd8f6e47&localeSelection=en_US&sellFrom=US&sellIn=US,https://m.media-amazon.com/images/G/01/ags/tsba/providerLogo/Millennium_logo._CB1558374307_.jpg,,4.5,4,,International Shipping,,"We specialize in global shipping, remarkably from all China corners and other key countries to Amazon's worldwide fullfilment centers by door to door service against wide logistics network",US,US
MMF Infotech Technologies Pvt. Ltd.,eda45b15-f383-4a4d-8d03-1fbcfbd41aa9,https://sellercentral.amazon.com/gspn/provider-details/Account%20Management/eda45b15-f383-4a4d-8d03-1fbcfbd41aa9?ref_=sc_gspn_blst_bdt-eda45b15&localeSelection=en_US&sellFrom=US&sellIn=US,https://m.media-amazon.com/images/G/31/rainier/sellergenie/mmf-logo._CB1198675309_.png,USD 169.00 per month,4.5,20,,Account Management; Accounting; Advertising Optimization; Cataloguing; Imaging; Translation,,"Amazon Account management, buyer seller messaging, feedback management, case log management, FBA reimbursement, deal management, product listing, account reinstatement, etc",US,US
MTS,3f0fee0a-d167-441f-b0a4-9e80a4d882cd,https://sellercentral.amazon.com/gspn/provider-details/Compliance/3f0fee0a-d167-441f-b0a4-9e80a4d882cd?ref_=sc_gspn_colst_codt-3f0fee0a&localeSelection=en_US&sellFrom=US&sellIn=US,https://m.media-amazon.com/images/G/31/rainier/sellergenie/Eurofins_MTS_logo.png,,4.5,21,,Compliance,,"CPC Certificate, ASTM-F963-17, CPSIA, Toys, Children’s Products, Certificate of Analysis (COA) SDS, MSDS, TRA, LHAMA Toxicology service, APASS Listed, ISTA-6 Amazon SIOC, EN-71, REACH, RoHS 2.0, FDA, Food Contact Material, BPA, Apparel and Home Textiles, Jewelry, Health & Beauty and Cosmetics, Furniture, Luggage, Flame Retardants, CA Prop-65 Review, Games, Electrical & Electronic Products Testing and Certification and RSL Chemical Smart Testing (ChemST).",US,US
Navus IT Services,e60d5f6b-51d1-481b-9eaa-5326cc478b71,https://sellercentral.amazon.com/gspn/provider-details/Account%20Management/e60d5f6b-51d1-481b-9eaa-5326cc478b71?ref_=sc_gspn_blst_bdt-e60d5f6b&localeSelection=en_US&sellFrom=US&sellIn=US,https://m.media-amazon.com/images/G/31/rainier/sellergenie/logo_navus.jpg,USD 50.00 per month,4.0,254,,Account Management; Advertising Optimization; Cataloguing,,Here we sort out maximum issue of account related to listing and other claims .,US,US
Neal & McDevitt,9bc2f3b2-fb1f-44ee-95d1-f02023c49959,https://sellercentral.amazon.com/gspn/provider-details/IP%20Accelerator/9bc2f3b2-fb1f-44ee-95d1-f02023c49959?ref_=sc_gspn_iplst_ipdt-9bc2f3b2&localeSelection=en_US&sellFrom=US&sellIn=US,https://m.media-amazon.com/images/G/01/ags/tsba/providerLogo/Logo._CB1565389726_.png,,4.5,74,,IP Accelerator,,"We specialize in all aspects of trademark, copyright and advertising law, inlcuding counseling, clearance, prosecution, licensing, enforcement and litigation, among others.",US,US
Newgentech Solution,b975ba43-4856-42de-8857-7d3551e647b3,https://sellercentral.amazon.com/gspn/provider-details/Account%20Management/b975ba43-4856-42de-8857-7d3551e647b3?ref_=sc_gspn_blst_bdt-b975ba43&localeSelection=en_US&sellFrom=US&sellIn=US,https://m.media-amazon.com/images/G/31/rainier/sellergenie/ngt_logo._CB1198675309_.png,USD 99.00 per month,3.5,56,,Account Management; Cataloguing,,"Service Providers will support in performing Seller Central operations (feedback and claim management, buyer-seller communication, product compliance and shipping performance) and also provide recommendations to grow your business on Amazon.",US,US
Next Level Japan,64537e32-4d06-4c09-a55c-9e9613a0064b,https://sellercentral.amazon.com/gspn/provider-details/Translation/64537e32-4d06-4c09-a55c-9e9613a0064b?ref_=sc_gspn_tralst_tradt-64537e32&localeSelection=en_US&sellFrom=US&sellIn=US,https://m.media-amazon.com/images/G/31/rainier/sellergenie/Next_Level_Logo_NL24_for_SPN.jpg,USD 0.10 per word,,,,Translation,,"High quality translated or proofread contents build for optimal conversion, and cross-checked with actual product test.",US,US
OneDayBundle,f8c34222-779b-489e-be80-9f1d19e101c3,https://sellercentral.amazon.com/gspn/provider-details/FBA%20Preparation/f8c34222-779b-489e-be80-9f1d19e101c3?ref_=sc_gspn_fplst_fpdt-f8c34222&localeSelection=en_US&sellFrom=US&sellIn=US,https://m.media-amazon.com/images/G/01/ags/tsba/providerLogo/ODB_logo_.png,USD 0.40 per unit,5.0,11,,FBA Preparation,,"Inventory Management Software, Labeling, Bundles, Glass, Oversize and Hazmat",US,US
Onyx Packaging Corporation,03e44592-0bbf-4ce3-aae3-e4cbe618db0d,https://sellercentral.amazon.com/gspn/provider-details/Sustainability/03e44592-0bbf-4ce3-aae3-e4cbe618db0d?ref_=sc_gspn_suslst_susdt-03e44592&localeSelection=en_US&sellFrom=US&sellIn=US,https://m.media-amazon.com/images/G/31/rainier/sellergenie/onyx_logo.png,,,,More than 26,Sustainability,,"Amazon 6A, ITSA. LAB & Lansmont Performance Testing Equipment. ArtiosCad, Gerber & Kongsberg Prototyping Equipment. 40+ Manufacturing Locations in North America",US,US
Opened Box Returns,602b7bfb-50d6-4d22-9c65-1ca35c540f32,https://sellercentral.amazon.com/gspn/provider-details/International%20Returns/602b7bfb-50d6-4d22-9c65-1ca35c540f32?ref_=sc_gspn_irlst_irdt-602b7bfb&localeSelection=en_US&sellFrom=US&sellIn=US,https://m.media-amazon.com/images/G/01/ags/tsba/providerLogo/openbox-logo._CB1552065359_.png,,5.0,56,,International Returns,,We Specialize in offering customized solutions for all your customer returns based on what your needs are.,US,US
Parshotam & Associates,43764721-f4cc-496d-b3fa-cbaa019d9e23,https://sellercentral.amazon.com/gspn/provider-details/Accounting/43764721-f4cc-496d-b3fa-cbaa019d9e23?ref_=sc_gspn_acclst_accdt-43764721&localeSelection=en_US&sellFrom=US&sellIn=US,https://m.media-amazon.com/images/G/31/rainier/sellergenie/PALOG._CB1198675309_.png,USD 300.00 per account,,,,Accounting; Taxes,,"We also specialize in product compliance services such as US FDA Compliance, UK FSA Compliance, EU CPNP Compliance etc.",US,US
Peretz Chesal Herrmann,62cc0a74-0ab5-49df-9a51-3a64b93e30df,https://sellercentral.amazon.com/gspn/provider-details/IP%20Accelerator/62cc0a74-0ab5-49df-9a51-3a64b93e30df?ref_=sc_gspn_iplst_ipdt-62cc0a74&localeSelection=en_US&sellFrom=US&sellIn=US,https://m.media-amazon.com/images/G/01/ags/tsba/providerLogo/PCH-logo._CB1566930590_.jpg,,4.5,553,,IP Accelerator,,"The firm specializes in the registration and protection of intellectual property, including trademarks, copyrights and trade secrets and all aspects of unfair competition law.",US,US
POTA GLOBAL LOGISTICS INDIA PVT LTD,3297ad3e-a99f-46b1-ab89-e0ef9960b03d,https://sellercentral.amazon.com/gspn/provider-details/International%20Shipping/3297ad3e-a99f-46b1-ab89-e0ef9960b03d?ref_=sc_gspn_islst_isdt-3297ad3e&localeSelection=en_US&sellFrom=US&sellIn=US,https://m.media-amazon.com/images/G/31/rainier/sellergenie/POTALOGO._CB1198675309_.jpg,,,,,International Shipping,,"FREIGHT FORWARDING, AIR FREIGHT, STORAGE, CUSTOM CLEARANCE & DDS SHIPMENT",US,US
PrepFort,1a80876a-deca-458c-bc54-8c17ad09c59c,https://sellercentral.amazon.com/gspn/provider-details/FBA%20Preparation/1a80876a-deca-458c-bc54-8c17ad09c59c?ref_=sc_gspn_fplst_fpdt-1a80876a&localeSelection=en_US&sellFrom=US&sellIn=US,https://m.media-amazon.com/images/G/31/rainier/sellergenie/prepfort_logo.png,USD 0.10 per unit,5.0,1,,FBA Preparation,,Labeling | Poly Bagging | Fragile Product Prep | Inspection/Quality Checks | Set Creation | Bundling/Kitting | Forwarding | Container Processing | Cross-Docking | Direct-to-Customer Fulfillment | Pick-and-Pack | 3PL | FBM | Wholesale | Private/White Label,US,US
Proven Prep LLC,9b0ba5ef-f834-44ba-bbf1-478f1daec4e0,https://sellercentral.amazon.com/gspn/provider-details/Excess%20Inventory/9b0ba5ef-f834-44ba-bbf1-478f1daec4e0?ref_=sc_gspn_eilst_eidt-9b0ba5ef&localeSelection=en_US&sellFrom=US&sellIn=US,https://m.media-amazon.com/images/G/31/rainier/sellergenie/Logo_New_proven.png,,,,More than 26,Excess Inventory,,Reverse logistics,US,US
Push-Pull,d3bd4971-3b6d-42ef-b7db-fcd49e4ba020,https://sellercentral.amazon.com/gspn/provider-details/Imaging/d3bd4971-3b6d-42ef-b7db-fcd49e4ba020?ref_=sc_gspn_ilst_idt-d3bd4971&localeSelection=en_US&sellFrom=US&sellIn=US,https://m.media-amazon.com/images/G/01/ags/tsba/providerLogo/PushPull-Logo.jpg,USD 205.00 per product,,,More than 5,Imaging,,"Your one-stop shop for optimised product photography solutions. Product images, for A+ EBC… Just send us a product sample and we’ll do the rest.",US,US
Regional Express,e3ca9fbf-0769-4a9c-86d1-71b1cb580188,https://sellercentral.amazon.com/gspn/provider-details/International%20Shipping/e3ca9fbf-0769-4a9c-86d1-71b1cb580188?ref_=sc_gspn_islst_isdt-e3ca9fbf&localeSelection=en_US&sellFrom=US&sellIn=US,https://m.media-amazon.com/images/G/01/ags/tsba/providerLogo/RegionalExpress-logo._CB1545065874_.jpg,,4.5,73,,International Shipping; Storage,,"We specialize in global door-to-door shipping solutions by express courier, roadfreight, airfreight and oceanfreight at competitive prices",US,US
Reliq Eagle,18511f57-d981-4e9f-8cc0-1ab45bab360f,https://sellercentral.amazon.com/gspn/provider-details/Enhanced%20Brand%20Content/18511f57-d981-4e9f-8cc0-1ab45bab360f?ref_=sc_gspn_ebclst_ebcdt-18511f57&localeSelection=en_US&sellFrom=US&sellIn=US,https://m.media-amazon.com/images/G/31/rainier/sellergenie/reliq_logo.jpg,USD 50.00 per product,,,More than 26,Enhanced Brand Content,,Reliq Eagle creates videos as per category and as per guidelines. The video consists of high-quality creatives and video clips for branding and selling and better conversion.,US,US
Safari Star,b569d964-3c7a-4127-87f4-4f1cd55c25bf,https://sellercentral.amazon.com/gspn/provider-details/Taxes/b569d964-3c7a-4127-87f4-4f1cd55c25bf?ref_=sc_gspn_talst_tadt-b569d964&localeSelection=en_US&sellFrom=US&sellIn=US,https://m.media-amazon.com/images/G/31/rainier/sellergenie/Logo_Safari_Star.png,,5.0,2,More than 51,Taxes,,"Safari Star offers a wide range of business services including Business Setup, Bank Account Opening, VAT Compliance & Tax Services, Accounting, Trademark Registration and Extended Producer Responsibility (EPR).",US,US
SAFE CAMS,c9a15fa3-e295-4409-acfe-3a9f3601fd99,https://sellercentral.amazon.com/gspn/provider-details/Manufacturing/c9a15fa3-e295-4409-acfe-3a9f3601fd99?ref_=sc_gspn_mlst_mdt-c9a15fa3&localeSelection=en_US&sellFrom=US&sellIn=US,https://m.media-amazon.com/images/G/31/rainier/sellergenie/MFR/SCDE_logo.jpg,,,,More than 5,Manufacturing,,Bespoke services for fleet management including AI cameras that can prevent accidents before they occur. We have specialised consumer dash cameras packaged to meet our customer's needs to support their safety on the road.,US,US
Salexpress,0048af63-d1e0-46a6-b51f-bbf757b047d6,https://sellercentral.amazon.com/gspn/provider-details/Translation/0048af63-d1e0-46a6-b51f-bbf757b047d6?ref_=sc_gspn_tralst_tradt-0048af63&localeSelection=en_US&sellFrom=US&sellIn=US,https://m.media-amazon.com/images/G/01/ags/tsba/providerLogo/Salexpress-Logo._CB1555544796_.jpg,USD 0.05 per word,5.0,19,,Translation,,We have handled over 100 translations for sellers and have helped dozens of brands to reach European customers easily through our professional and human translation services.,US,US
Seller Drive,eea64593-624f-4bcb-895c-bea5c36b4222,https://sellercentral.amazon.com/gspn/provider-details/Account%20Management/eea64593-624f-4bcb-895c-bea5c36b4222?ref_=sc_gspn_blst_bdt-eea64593&localeSelection=en_US&sellFrom=US&sellIn=US,https://m.media-amazon.com/images/G/31/rainier/sellergenie/ITv4dBg-logo._CB1198675309_.jpg,USD 49.00 per month,4.5,417,,Account Management; Advertising Optimization; Cataloguing; Enhanced Brand Content,,"We specialize in Account Management whilst handling return, refunds and A-to-Z claims; well versed wit Amazon Seller Central features and functions!",US,US
SellersHelpline,93b03a01-a19d-4cea-903e-6ff16e9c4fe2,https://sellercentral.amazon.com/gspn/provider-details/Account%20Management/93b03a01-a19d-4cea-903e-6ff16e9c4fe2?ref_=sc_gspn_blst_bdt-93b03a01&localeSelection=en_US&sellFrom=US&sellIn=US,https://m.media-amazon.com/images/G/31/rainier/sellergenie/logo-SH._CB1198675309_.jpg,USD 50.00 per month,4.5,45,,Account Management; Cataloguing; Training,,"We suggest the sellers to focus on their forte which is PRODUCTS. Rest we would take care comprising of all day to day operations including inventory management, order management, sales and promotions, payment reconciliation etc.",US,US
SGS,182c7ef1-21dc-4b60-a8b2-98f58b3b8354,https://sellercentral.amazon.com/gspn/provider-details/Compliance/182c7ef1-21dc-4b60-a8b2-98f58b3b8354?ref_=sc_gspn_colst_codt-182c7ef1&localeSelection=en_US&sellFrom=US&sellIn=US,https://images-na.ssl-images-amazon.com/images/G/01/ags/corkboard/logo-sgs.png,,3.0,3,,Compliance; Sustainability,,"Packaging/Transit, Apparel, Accessories, Footwear, Home, Furniture, Décor, Seasonal, Toys, Juvenile Products, Auto Accessories, Electrical, Electronics, Cosmetics, Personal Care, Diapers, Paper/Consumables, Food/Food Contact, Lead/Mercury/Cadmium - Chemicals, CA-Prop65",US,US
"Shenzhen Baosen Suntop Logistics Co.,Ltd",5262aae5-1fbc-4056-999f-028fd22ab7a9,https://sellercentral.amazon.com/gspn/provider-details/International%20Returns/5262aae5-1fbc-4056-999f-028fd22ab7a9?ref_=sc_gspn_irlst_irdt-5262aae5&localeSelection=en_US&sellFrom=US&sellIn=US,https://m.media-amazon.com/images/G/31/rainier/sellergenie/logO_BAOSEN.png,,,,,International Returns,,"We specialize in return inspection, consolidation, repacking, labeling and global return shipping at economical prices.",US,US
"Shenzhen C-Star Test Co., Ltd.",8313d216-b221-4f39-a898-85291c754bf8,https://sellercentral.amazon.com/gspn/provider-details/Compliance/8313d216-b221-4f39-a898-85291c754bf8?ref_=sc_gspn_colst_codt-8313d216&localeSelection=en_US&sellFrom=US&sellIn=US,https://m.media-amazon.com/images/G/01/ags/tsba/providerLogo/C-Star-Logo.jpg,,,,,Compliance,,"We provide EPR registration (WEEE, Batteries and Packaging and other schemes), ErP, CE, Authorized Representative that all legal obligations regarding the EU various corresponding national laws throughout Europe are observed.",US,US
SHENZHEN WAYOTA INTERNATIONAL TRANSPORTATION LTD.,6bb84964-dd06-4228-a2d0-fa6360c8b1a3,https://sellercentral.amazon.com/gspn/provider-details/International%20Returns/6bb84964-dd06-4228-a2d0-fa6360c8b1a3?ref_=sc_gspn_irlst_irdt-6bb84964&localeSelection=en_US&sellFrom=US&sellIn=US,https://m.media-amazon.com/images/G/31/rainier/sellergenie/HYD_LOGO.jpg,,,,More than 5,International Returns,,"We have contracts with mainstream shipping companies and stable clients with integrated brands in the industrial and trade sectors to support our multi-point container dismantling services. These locations include: Auckland, Los Angeles, Houston, Chicago, Savannah, New York, Vancouver, Edmonton, Toronto, and others. Our services include compliant delivery to warehouses, which can reduce transportation costs and time.",US,US
Ship Depot,2eb5a4bd-7a3c-49a1-a5be-be674e37784f,https://sellercentral.amazon.com/gspn/provider-details/Storage/2eb5a4bd-7a3c-49a1-a5be-be674e37784f?ref_=sc_gspn_slst_sdt-2eb5a4bd&localeSelection=en_US&sellFrom=US&sellIn=US,https://m.media-amazon.com/images/G/31/rainier/sellergenie/sdnew_logo.jpg,USD 25.00 per month,,,More than 26,Storage,,"We specialize in warehousing & fulfillment, providing professional storage options to our clients in our 80,000 square foot warehouse located in California, only 70 miles from Port of Long Beach.",US,US
Shipontime.com,0e6b3935-891a-4603-8f24-725f2dd6def5,https://sellercentral.amazon.com/gspn/provider-details/FBA%20Preparation/0e6b3935-891a-4603-8f24-725f2dd6def5?ref_=sc_gspn_fplst_fpdt-0e6b3935&localeSelection=en_US&sellFrom=US&sellIn=US,https://m.media-amazon.com/images/G/01/ags/tsba/providerLogo/shipontime-logo._CB1553716627_.jpg,USD 0.15 per unit,5.0,9,,FBA Preparation; Storage,,"We provide FBA prep and ship services to wholesale and private label businesses. Services include but not limited to labeling, polybagging, shrink-wrapping, kitting/bundling, boxing, bottle labeling, shrink band, storage, and more.",US,US
ShopHowell,e0a39e44-9b16-43bb-8408-32cd96e8de8f,https://sellercentral.amazon.com/gspn/provider-details/Accounting/e0a39e44-9b16-43bb-8408-32cd96e8de8f?ref_=sc_gspn_acclst_accdt-e0a39e44&localeSelection=en_US&sellFrom=US&sellIn=US,https://m.media-amazon.com/images/G/31/rainier/sellergenie/ShopHowell_Logo.jpg,USD 150.00 per account,,,More than 5,Accounting; Translation,,Get to know the exact state of your current financial situation! Have our Certified Public Accountant with over 17 years of experience look at your financials and provide you with solutions.,US,US
Sirus Alpha,e060eefd-b861-45de-a8a5-0ae9c9a5eb31,https://sellercentral.amazon.com/gspn/provider-details/Imaging/e060eefd-b861-45de-a8a5-0ae9c9a5eb31?ref_=sc_gspn_ilst_idt-e060eefd&localeSelection=en_US&sellFrom=US&sellIn=US,https://m.media-amazon.com/images/G/31/rainier/sellergenie/SIRUSLOGO.png,USD 0.20 per product,5.0,1,,Imaging,,"Quality image editing as per Amazon guidelines to help improve sales and reduce operation cost. Image clipping, Image isolation, Retouch, Product Editing, 3D image",US,US
SKYLINT,6b7c2403-d0b8-4768-b12b-b63bdd655088,https://sellercentral.amazon.com/gspn/provider-details/Manufacturing/6b7c2403-d0b8-4768-b12b-b63bdd655088?ref_=sc_gspn_mlst_mdt-6b7c2403&localeSelection=en_US&sellFrom=US&sellIn=US,https://m.media-amazon.com/images/G/31/rainier/sellergenie/Skylint-logo.jpg,,,,More than 26,Manufacturing,,We have 100+ designs in stock and our daily production capacity is 4k-7k pieces,US,US
SmartTech E-Commerce Solution,b81f464e-326e-4a31-9824-921db9fb5021,https://sellercentral.amazon.com/gspn/provider-details/Advertising%20Optimization/b81f464e-326e-4a31-9824-921db9fb5021?ref_=sc_gspn_alst_adt-b81f464e&localeSelection=en_US&sellFrom=US&sellIn=US,https://m.media-amazon.com/images/G/31/rainier/sellergenie/Smart_tech_logo.jpg,USD 49.00 per month,4.5,40,,Advertising Optimization; Imaging,,We are specialized to maintain to generate maximum sell in minimum spend by optimizing your listing and keyword with the help of different amazon reports and other Tools.,US,US
Smithers,ed90c308-3127-4f72-8564-35a708d1b903,https://sellercentral.amazon.com/gspn/provider-details/Sustainability/ed90c308-3127-4f72-8564-35a708d1b903?ref_=sc_gspn_suslst_susdt-ed90c308&localeSelection=en_US&sellFrom=US&sellIn=US,https://m.media-amazon.com/images/G/31/rainier/sellergenie/Smithers_Log.png,,,,,Sustainability,,"Packaging testing including: ISTA6 PFP, SIOC, FFP Materials selection and evaluation Primary pack testing Print quality and durability Specification checks Food contact compliance Failure and technical investigations Distribution testing Hazmat",US,US
Star Consumer Products,f14b413b-70c9-4c68-ac5d-6310c09efcb1,https://sellercentral.amazon.com/gspn/provider-details/Manufacturing/f14b413b-70c9-4c68-ac5d-6310c09efcb1?ref_=sc_gspn_mlst_mdt-f14b413b&localeSelection=en_US&sellFrom=US&sellIn=US,https://m.media-amazon.com/images/G/31/MNFR/Star_consumer-_logo.jpg,,,,More than 5,Manufacturing,,The fragrances are divine and are carefully crafted to make your puja experience enriching and soothing.,US,US
STELCORE MANAGEMENT SERVICES PRIVATE LIMITED,f5ab027d-5289-48cb-86f0-7b14fd53c42d,https://sellercentral.amazon.com/gspn/provider-details/Accounting/f5ab027d-5289-48cb-86f0-7b14fd53c42d?ref_=sc_gspn_acclst_accdt-f5ab027d&localeSelection=en_US&sellFrom=US&sellIn=US,https://m.media-amazon.com/images/G/31/rainier/sellergenie/Stel_Logo._CB1198675309_.png,USD 100.00 per account,4.5,5,,Accounting; Compliance; Taxes,,"Accounting framework for marketplace transactions, customized to meet each client’s unique needs.",US,US
Techamenity,5620c813-d2f7-4226-9376-f1925f4ab5f3,https://sellercentral.amazon.com/gspn/provider-details/Imaging/5620c813-d2f7-4226-9376-f1925f4ab5f3?ref_=sc_gspn_ilst_idt-5620c813&localeSelection=en_US&sellFrom=US&sellIn=US,https://m.media-amazon.com/images/G/31/rainier/sellergenie/logo_1_tech.png,USD 5.00 per product,5.0,25,,Imaging,,"We specialize in falling your shoppers in love with your products with our Product Photography service including Image Editing, White Background, Lifestyle, Infographic, 3D Rendering & Video Services.",US,US
The Sladkus Law Group,ecee36ad-4ab0-4dbd-afe6-1314d20f80fc,https://sellercentral.amazon.com/gspn/provider-details/IP%20Accelerator/ecee36ad-4ab0-4dbd-afe6-1314d20f80fc?ref_=sc_gspn_iplst_ipdt-ecee36ad&localeSelection=en_US&sellFrom=US&sellIn=US,https://m.media-amazon.com/images/G/01/ags/tsba/providerLogo/SLD-logo._CB1565377414_.png,,4.5,227,,IP Accelerator,,"We offer a full range of transactional and litigation legal services in the fields of trademarks, copyrights, domain names, unfair competition, trade secrets, false advertising, computer software and internet protection, licensing and brand exploitation and protection.",US,US
Traffic Tower,885bb8d3-4136-4023-b4d0-18f4c5258925,https://sellercentral.amazon.com/gspn/provider-details/Imaging/885bb8d3-4136-4023-b4d0-18f4c5258925?ref_=sc_gspn_ilst_idt-885bb8d3&localeSelection=en_US&sellFrom=US&sellIn=US,https://m.media-amazon.com/images/G/31/rainier/sellergenie/traffic_tower_logo.jpg,USD 100.00 per product,,,More than 5,Imaging; Translation,,Image editing for white background main image and lifestyle. Creating infographic and branded images.,US,US
TransAmazingLi,699da5d9-d39d-4e57-8456-90fb4c52a9bf,https://sellercentral.amazon.com/gspn/provider-details/Translation/699da5d9-d39d-4e57-8456-90fb4c52a9bf?ref_=sc_gspn_tralst_tradt-699da5d9&localeSelection=en_US&sellFrom=US&sellIn=US,https://m.media-amazon.com/images/G/31/rainier/sellergenie/TransAmaz_lo.jpg,USD 0.04 per word,,,More than 26,Translation,,"Get your Amazon listings translated, optimized, and localized so they appear attractive to local buyers. We achieve this through Amazon seller expertise, exhaustive keyword research and local native human translators.",US,US
TRENDY RABBIT,a5da7007-1481-411b-a868-07c0447ebf78,https://sellercentral.amazon.com/gspn/provider-details/Manufacturing/a5da7007-1481-411b-a868-07c0447ebf78?ref_=sc_gspn_mlst_mdt-a5da7007&localeSelection=en_US&sellFrom=US&sellIn=US,https://m.media-amazon.com/images/G/31/rainier/sellergenie/TRENDY_RABBIT_Logo.jpeg,,,,More than 51,Manufacturing,,Customized Prints and Sizes T-Shirts,US,US
UL Solutions,87773135-4dc8-4a3a-b8a5-30eb88c14d32,https://sellercentral.amazon.com/gspn/provider-details/Sustainability/87773135-4dc8-4a3a-b8a5-30eb88c14d32?ref_=sc_gspn_suslst_susdt-87773135&localeSelection=en_US&sellFrom=US&sellIn=US,https://m.media-amazon.com/images/G/31/rainier/sellergenie/UL_LLC_logo.png,,,,,Sustainability,,ISTA Packaging Testing,US,US
Unicargo,49ba9a03-7f39-40a6-99d3-0c5211ff5a7d,https://sellercentral.amazon.com/gspn/provider-details/International%20Shipping/49ba9a03-7f39-40a6-99d3-0c5211ff5a7d?ref_=sc_gspn_islst_isdt-49ba9a03&localeSelection=en_US&sellFrom=US&sellIn=US,https://m.media-amazon.com/images/G/01/ags/tsba/providerLogo/Unicargo-Logo-Amazon-SPN._CB1544125515_.png,,5.0,2,,International Shipping,,Our dedicated Amazon professionals are here to help you navigate the Amazon jungle and make shipping to FBA a seamless process.,US,US
Vakilsearch,eb02c90d-fc6c-438d-8c3d-fa33de18fe34,https://sellercentral.amazon.com/gspn/provider-details/Accounting/eb02c90d-fc6c-438d-8c3d-fa33de18fe34?ref_=sc_gspn_acclst_accdt-eb02c90d&localeSelection=en_US&sellFrom=US&sellIn=US,https://m.media-amazon.com/images/G/31/rainier/sellergenie/vakilsearchlogo.jpg,USD 149.00 per account,,,More than 5,Accounting,,1. Cloud based software 2. Completely online 3. Available in whatsapp 4. Industry best pricing and TAT 5. Mobile app available,US,US
Valet Seller,f1be2bc1-3f10-4e28-807a-f094bce346f1,https://sellercentral.amazon.com/gspn/provider-details/Excess%20Inventory/f1be2bc1-3f10-4e28-807a-f094bce346f1?ref_=sc_gspn_eilst_eidt-f1be2bc1&localeSelection=en_US&sellFrom=US&sellIn=US,https://m.media-amazon.com/images/G/01/ags/tsba/providerLogo/ValetSeller_logo.png,,,,,Excess Inventory; FBA Preparation; Storage,,"We specialize in excess inventory management by handling returns, removal orders, and excess",US,US
"Waltek Testing Group Co., Ltd.",b41386dd-4a42-4481-9006-db843edf0e63,https://sellercentral.amazon.com/gspn/provider-details/Compliance/b41386dd-4a42-4481-9006-db843edf0e63?ref_=sc_gspn_colst_codt-b41386dd&localeSelection=en_US&sellFrom=US&sellIn=US,https://m.media-amazon.com/images/G/01/ags/tsba/providerLogo/Waltek-Logo.jpg,,5.0,3,,Compliance,,"Toys & Children products, Household appliances, IT/AV products, Lighting, Smart home, Wireless product, Food contact, ISTA 6A",US,US
WAP Sustainability,c9e15e1c-6e79-4a93-8c2b-91ce9643841a,https://sellercentral.amazon.com/gspn/provider-details/Sustainability/c9e15e1c-6e79-4a93-8c2b-91ce9643841a?ref_=sc_gspn_suslst_susdt-c9e15e1c&localeSelection=en_US&sellFrom=US&sellIn=US,https://m.media-amazon.com/images/G/31/rainier/sellergenie/Logo_-_Wap_Consulting.png,,,,More than 51,Sustainability,,"Certification Verificaiton, Climate Pledge Friendly Products, Cradle to Cradle",US,US
Wholesalez,0635ca00-1eb0-42bb-bf63-4d4de78984b5,https://sellercentral.amazon.com/gspn/provider-details/Excess%20Inventory/0635ca00-1eb0-42bb-bf63-4d4de78984b5?ref_=sc_gspn_eilst_eidt-0635ca00&localeSelection=en_US&sellFrom=US&sellIn=US,https://m.media-amazon.com/images/G/31/rainier/sellergenie/wholesalez_lo.png,,,,More than 26,Excess Inventory; International Returns,,"We specialize in turning Amazon excess inventory into profit with expert removal, liquidation, repackaging, and sustainable solutions—offering end-to-end support to optimize your supply chain.",US,US
XTORE,868b7442-1067-46cd-b6bd-961fcc793766,https://sellercentral.amazon.com/gspn/provider-details/Manufacturing/868b7442-1067-46cd-b6bd-961fcc793766?ref_=sc_gspn_mlst_mdt-868b7442&localeSelection=en_US&sellFrom=US&sellIn=US,https://m.media-amazon.com/images/G/31/rainier/sellergenie/MFR/logo-_lifehacks.jpg,,,,More than 5,Manufacturing,,"Discover exquisite craftsmanship at our one-stop shop, where art meets functionality. We specialize in crafting a diverse range of Resin & Ceramic home decor, Wall decor, Paintings, Bedsheets, Ladies Kurtis, Mobile Covers, and Phone Holders.",US,US
Year 5,3e4ff3ef-0b72-4f0b-8a42-d3228cfc5ea5,https://sellercentral.amazon.com/gspn/provider-details/FBA%20Preparation/3e4ff3ef-0b72-4f0b-8a42-d3228cfc5ea5?ref_=sc_gspn_fplst_fpdt-3e4ff3ef&localeSelection=en_US&sellFrom=US&sellIn=US,http://mollerglobal.com/images/Year5/400x300.png,USD 100.00 per unit,,,More than 26,FBA Preparation,,We specialize in the FBA Preparation process exactly how Amazon requires while maximizing efficiency and profitability. Our team streamlines your process to maximize your ability to benefit from Amazon FBA.,US,US
